[Licensing::Module] Trying to connect to existing licensing client channel...
[Licensing::IpcConnector] Successfully connected to: "LicenseClient-anima" at "2026-09-27T18:32:04.4534633Z"
Built from '6000.6/staging' branch; Version is '6000.6.2f1 (770e33f6875c) revision 7802419'; Using compiler version '194234433'; Build Type 'Release'
OS: 'Windows 11  (10.0.26200) Core' Language: 'en' Physical Memory: 15892 MB
BatchMode: 1, IsHumanControllingUs: 0, StartBugReporterOnCrash: 0, Is64bit: 1
System  architecture: x64
Process architecture: x64
Date: 2026-09-27T18:32:04Z
[Licensing::Client] Code 10 while verifying Licensing Client signature (process Id: 36556, path: "C:/Program Files/Unity Hub/UnityLicensingClient_V1/Unity.Licensing.Client.exe")
[Licensing::Module] LicensingClient has failed validation; ignoring
[Licensing::Client] Handshaking with LicensingClient:
  Version:                 1.18.3+d7ffd15
  Session Id:              6f29f5dbd04b4bbe85934953530bd8b9
  Correlation Id:          12ce2c7a722b64fdad1dc725bc682713
  External correlation Id: 4027442981312359682
  Machine Id:              ZKKM2ZeYzcrC9nKecvcZNepNPWU=
[Licensing::Module] Successfully connected to LicensingClient on channel: "LicenseClient-anima" (connect: 0.00s, validation: 0.00s, handshake: 0.06s)
[Licensing::IpcConnector] Successfully connected to: "LicenseClient-anima-notifications" at "2026-09-27T18:32:04.5132932Z"
[Licensing::Module] Licensing Background thread has ended after 0.06s

COMMAND LINE ARGUMENTS:
C:\Program Files\Unity\Hub\Editor\6000.6.2f1\Editor\Unity.exe
-adb2
-batchMode
-noUpm
-name
AssetImportWorkerHW2
-projectPath
C:/Users/anima/OneDrive/Desktop/Unity-Projects/Roll-a-Ball
-logFile
Logs/AssetImportWorkerHW2.log
-srvPort
57426
-parentPid
31940
-analyticsCloudUserId
2476052291768
-analyticsCloudProjectId
efbe4be0-fe16-44e5-a1c5-d943951bcfa2
-analyticsLocalProjectId
ffc0e4ae76cd0844ca6d6e19a3b0c316
-editorAnalyticsEnabled
1
-cbmEditorLicense
35c9a5cf61ebd81e3743a8b4db9426d12e75bdca
-cbmMachineId
ZKKM2ZeYzcrC9nKecvcZNepNPWU=
-licensingIpc
LicenseClient-anima
-noDiagnosticSwitchPersistentStore
-job-worker-count
10
-background-job-worker-count
8
-asset-garbage-collectors
1
-force-d3d12
-name
AssetImport
Successfully changed project path to: C:/Users/anima/OneDrive/Desktop/Unity-Projects/Roll-a-Ball
C:/Users/anima/OneDrive/Desktop/Unity-Projects/Roll-a-Ball
[UnityMemory] Configuration Parameters - Can be set up in boot.config
    "memorysetup-temp-allocator-size-gi-baking-worker=262144"
    "memorysetup-temp-allocator-size-gi-baking-worker=262144"
    "memorysetup-temp-allocator-size-gi-baking-worker=262144"
    "memorysetup-temp-allocator-size-gi-baking-worker=262144"
    "memorysetup-temp-allocator-size-gi-baking-worker=262144"
    "memorysetup-temp-allocator-size-nav-mesh-worker=65536"
    "memorysetup-temp-allocator-size-audio-worker=65536"
    "memorysetup-temp-allocator-size-cloud-worker=32768"
    "memorysetup-temp-allocator-size-gfx=262144"
    "memorysetup-remapper-allocator-initial-capacity=32768"
    "memorysetup-temp-allocator-size-preload-manager=33554432"
    "memorysetup-allocator-temp-initial-block-size-main=262144"
    "memorysetup-allocator-temp-initial-block-size-worker=262144"
    "memorysetup-temp-allocator-size-job-worker=262144"
    "memorysetup-temp-allocator-size-background-worker=32768"
    "memorysetup-bucket-allocator-granularity=16"
    "memorysetup-bucket-allocator-bucket-count=8"
    "memorysetup-bucket-allocator-block-size=33554432"
    "memorysetup-bucket-allocator-block-count=8"
    "memorysetup-main-allocator-block-size=16777216"
    "memorysetup-thread-allocator-block-size=16777216"
    "memorysetup-main-allocator-mimalloc-enabled=1"
    "memorysetup-gfx-main-allocator-block-size=16777216"
    "memorysetup-gfx-thread-allocator-block-size=16777216"
    "memorysetup-cache-allocator-block-size=4194304"
    "memorysetup-typetree-allocator-block-size=2097152"
    "memorysetup-profiler-bucket-allocator-granularity=16"
    "memorysetup-profiler-bucket-allocator-bucket-count=8"
    "memorysetup-profiler-bucket-allocator-block-size=33554432"
    "memorysetup-profiler-bucket-allocator-block-count=8"
    "memorysetup-profiler-allocator-block-size=16777216"
    "memorysetup-profiler-editor-allocator-block-size=1048576"
    "memorysetup-temp-allocator-size-main=16777216"
    "memorysetup-job-temp-allocator-block-size=2097152"
    "memorysetup-job-temp-allocator-block-size-background=1048576"
    "memorysetup-job-temp-allocator-reduction-small-platforms=262144"
Player connection [1432]  Target information:

Player connection [1432]  * "[IP] 192.168.56.1 [Port] 0 [Flags] 2 [Guid] 1078605391 [EditorId] 1078605391 [Version] 1048832 [Id] WindowsEditor(7,Lunar) [Debug] 1 [PackageName] WindowsEditor [ProjectName] Editor" 

Player connection [1432]  * "[IP] 192.168.1.161 [Port] 0 [Flags] 2 [Guid] 1078605391 [EditorId] 1078605391 [Version] 1048832 [Id] WindowsEditor(7,Lunar) [Debug] 1 [PackageName] WindowsEditor [ProjectName] Editor" 

Player connection [1432] Host joined multi-casting on [225.0.0.222:54997]...
Player connection [1432] Host joined alternative multi-casting on [225.0.0.222:34997]...
JobSystem: Creating JobQueue using job-worker-count value 10
Input System module state changed to: Initialized.
[Physics::Module] Initialized fallback backend.
[Physics::Module] Id: 0xdecafbad
Library Redirect Path: Library/
Initialising UDS system complete:
  - System type: Client
  - Resource namespace: 0512d8ef2f80477594e0b01c7ac6793e
  - Shared memory size: 1073741824
  - Command buffer id: 1052576
  - Command buffer size: 8192
  - Hashmap size: 4194304
  - Service connected: true
  - Service working directory: Library/DataStore/
[Physics::Module] Selected backend.
[Physics::Module] Name: PhysX
[Physics::Module] Id: 0xf2b8ea05
[Physics::Module] SDK Version: 4.1.2
[Physics::Module] Integration Version: 1.0.0
[Physics::Module] Threading Mode: Multi-Threaded
Active build profile path: `Assets/Settings/Build Profiles/Web.asset`
Got setting from build profile YAML, name `Color Space`, value `1`
Got setting from build profile YAML, name `m_BuildTarget`, value `20`
Got setting from build profile YAML, name `m_Subtarget`, value `0`
Refreshing native plugins compatible for Editor in 10.71 ms, found 4 plugins.
Initialize engine version: 6000.6.2f1 (770e33f6875c)
[EntityIdStore] init: VM path (explicit commit), pageSize=4096, blockCount=1048576, entitiesPerBlock=256, slots reserved=4294967296 bytes
[Subsystems] Discovering subsystems at path C:/Program Files/Unity/Hub/Editor/6000.6.2f1/Editor/Data/Resources/UnitySubsystems
[Subsystems] Discovering subsystems at path C:/Users/anima/OneDrive/Desktop/Unity-Projects/Roll-a-Ball/Assets
Forcing GfxDevice: Direct3D 12
GfxDevice: creating device client; kGfxThreadingModeNonThreaded
d3d12: failed to query info queue interface (0x80004002).
Direct3D:
    Version:         Direct3D 12 [level 12.2]
    Renderer:        NVIDIA GeForce RTX 4070 Laptop GPU (ID=0x2860)
    Vendor:          NVIDIA
    VRAM:            7948 MB
    App VRAM Budget: 7180 MB
    Driver:          32.0.15.9608
Got setting from build profile YAML, name `Color Space`, value `1`
Got setting from build profile YAML, name `Color Space`, value `1`
Got setting from build profile YAML, name `Color Space`, value `1`
Got setting from build profile YAML, name `Color Space`, value `1`
Got setting from build profile YAML, name `Color Space`, value `1`
Got setting from build profile YAML, name `Color Space`, value `1`
Got setting from build profile YAML, name `Color Space`, value `1`
Got setting from build profile YAML, name `Color Space`, value `1`
Got setting from build profile YAML, name `Color Space`, value `1`
Got setting from build profile YAML, name `Color Space`, value `1`
Got setting from build profile YAML, name `Color Space`, value `1`
Got setting from build profile YAML, name `Color Space`, value `1`
Got setting from build profile YAML, name `Color Space`, value `1`
Got setting from build profile YAML, name `Color Space`, value `1`
Got setting from build profile YAML, name `Color Space`, value `1`
Got setting from build profile YAML, name `Color Space`, value `1`
Got setting from build profile YAML, name `Color Space`, value `1`
Got setting from build profile YAML, name `Color Space`, value `1`
Got setting from build profile YAML, name `Color Space`, value `1`
Got setting from build profile YAML, name `Color Space`, value `1`
Got setting from build profile YAML, name `Color Space`, value `1`
Got setting from build profile YAML, name `Color Space`, value `1`
Got setting from build profile YAML, name `Color Space`, value `1`
Got setting from build profile YAML, name `Color Space`, value `1`
Got setting from build profile YAML, name `Color Space`, value `1`
Got setting from build profile YAML, name `Color Space`, value `1`
Got setting from build profile YAML, name `Color Space`, value `1`
Got setting from build profile YAML, name `Color Space`, value `1`
Got setting from build profile YAML, name `Color Space`, value `1`
Got setting from build profile YAML, name `Color Space`, value `1`
Got setting from build profile YAML, name `Color Space`, value `1`
Got setting from build profile YAML, name `Color Space`, value `1`
Got setting from build profile YAML, name `Color Space`, value `1`
Got setting from build profile YAML, name `Color Space`, value `1`
Got setting from build profile YAML, name `Color Space`, value `1`
Got setting from build profile YAML, name `Color Space`, value `1`
Got setting from build profile YAML, name `Color Space`, value `1`
Got setting from build profile YAML, name `Color Space`, value `1`
Got setting from build profile YAML, name `Color Space`, value `1`
Got setting from build profile YAML, name `Color Space`, value `1`
Got setting from build profile YAML, name `Color Space`, value `1`
Got setting from build profile YAML, name `Color Space`, value `1`
Got setting from build profile YAML, name `Color Space`, value `1`
Got setting from build profile YAML, name `Color Space`, value `1`
Got setting from build profile YAML, name `Color Space`, value `1`
Got setting from build profile YAML, name `Color Space`, value `1`
Got setting from build profile YAML, name `Color Space`, value `1`
Got setting from build profile YAML, name `Color Space`, value `1`
Got setting from build profile YAML, name `Color Space`, value `1`
Got setting from build profile YAML, name `Color Space`, value `1`
Got setting from build profile YAML, name `Color Space`, value `1`
Got setting from build profile YAML, name `Color Space`, value `1`
Got setting from build profile YAML, name `Color Space`, value `1`
Got setting from build profile YAML, name `Color Space`, value `1`
Got setting from build profile YAML, name `Color Space`, value `1`
Got setting from build profile YAML, name `Color Space`, value `1`
Got setting from build profile YAML, name `Color Space`, value `1`
Got setting from build profile YAML, name `Color Space`, value `1`
Got setting from build profile YAML, name `Color Space`, value `1`
Got setting from build profile YAML, name `Color Space`, value `1`
Got setting from build profile YAML, name `Color Space`, value `1`
Got setting from build profile YAML, name `Color Space`, value `1`
Got setting from build profile YAML, name `Color Space`, value `1`
Got setting from build profile YAML, name `Color Space`, value `1`
Got setting from build profile YAML, name `Color Space`, value `1`
Got setting from build profile YAML, name `Color Space`, value `1`
Got setting from build profile YAML, name `Color Space`, value `1`
Got setting from build profile YAML, name `Color Space`, value `1`
Got setting from build profile YAML, name `Color Space`, value `1`
Got setting from build profile YAML, name `Color Space`, value `1`
Got setting from build profile YAML, name `Color Space`, value `1`
Got setting from build profile YAML, name `Color Space`, value `1`
Got setting from build profile YAML, name `Color Space`, value `1`
Got setting from build profile YAML, name `Color Space`, value `1`
Got setting from build profile YAML, name `Color Space`, value `1`
Got setting from build profile YAML, name `Color Space`, value `1`
Got setting from build profile YAML, name `Color Space`, value `1`
Got setting from build profile YAML, name `Color Space`, value `1`
Got setting from build profile YAML, name `Color Space`, value `1`
Got setting from build profile YAML, name `Color Space`, value `1`
Got setting from build profile YAML, name `Color Space`, value `1`
Got setting from build profile YAML, name `Color Space`, value `1`
Got setting from build profile YAML, name `Color Space`, value `1`
Got setting from build profile YAML, name `Color Space`, value `1`
Got setting from build profile YAML, name `Color Space`, value `1`
Got setting from build profile YAML, name `Color Space`, value `1`
Got setting from build profile YAML, name `Color Space`, value `1`
Got setting from build profile YAML, name `Color Space`, value `1`
Got setting from build profile YAML, name `Color Space`, value `1`
Got setting from build profile YAML, name `Color Space`, value `1`
Got setting from build profile YAML, name `Color Space`, value `1`
Got setting from build profile YAML, name `Color Space`, value `1`
Got setting from build profile YAML, name `Color Space`, value `1`
Got setting from build profile YAML, name `Color Space`, value `1`
Got setting from build profile YAML, name `Color Space`, value `1`
Got setting from build profile YAML, name `Color Space`, value `1`
Got setting from build profile YAML, name `Color Space`, value `1`
Got setting from build profile YAML, name `Color Space`, value `1`
Got setting from build profile YAML, name `Color Space`, value `1`
Got setting from build profile YAML, name `Color Space`, value `1`
Got setting from build profile YAML, name `Color Space`, value `1`
Got setting from build profile YAML, name `Color Space`, value `1`
Got setting from build profile YAML, name `Color Space`, value `1`
Got setting from build profile YAML, name `Color Space`, value `1`
Got setting from build profile YAML, name `Color Space`, value `1`
Got setting from build profile YAML, name `Color Space`, value `1`
Got setting from build profile YAML, name `Color Space`, value `1`
Got setting from build profile YAML, name `Color Space`, value `1`
Got setting from build profile YAML, name `Color Space`, value `1`
Got setting from build profile YAML, name `Color Space`, value `1`
Got setting from build profile YAML, name `Color Space`, value `1`
Got setting from build profile YAML, name `Color Space`, value `1`
Got setting from build profile YAML, name `Color Space`, value `1`
Got setting from build profile YAML, name `Color Space`, value `1`
Got setting from build profile YAML, name `Color Space`, value `1`
Got setting from build profile YAML, name `Color Space`, value `1`
Got setting from build profile YAML, name `Color Space`, value `1`
Got setting from build profile YAML, name `Color Space`, value `1`
Got setting from build profile YAML, name `Color Space`, value `1`
Got setting from build profile YAML, name `Color Space`, value `1`
Got setting from build profile YAML, name `Color Space`, value `1`
Got setting from build profile YAML, name `Color Space`, value `1`
Got setting from build profile YAML, name `Color Space`, value `1`
Got setting from build profile YAML, name `Color Space`, value `1`
Got setting from build profile YAML, name `Color Space`, value `1`
Got setting from build profile YAML, name `Color Space`, value `1`
Got setting from build profile YAML, name `Color Space`, value `1`
Got setting from build profile YAML, name `Color Space`, value `1`
Got setting from build profile YAML, name `Color Space`, value `1`
Got setting from build profile YAML, name `Color Space`, value `1`
Got setting from build profile YAML, name `Color Space`, value `1`
Got setting from build profile YAML, name `Color Space`, value `1`
Got setting from build profile YAML, name `Color Space`, value `1`
Got setting from build profile YAML, name `Color Space`, value `1`
Got setting from build profile YAML, name `Color Space`, value `1`
Got setting from build profile YAML, name `Color Space`, value `1`
Got setting from build profile YAML, name `Color Space`, value `1`
Got setting from build profile YAML, name `Color Space`, value `1`
Got setting from build profile YAML, name `Color Space`, value `1`
Got setting from build profile YAML, name `Color Space`, value `1`
Got setting from build profile YAML, name `Color Space`, value `1`
Got setting from build profile YAML, name `Color Space`, value `1`
Got setting from build profile YAML, name `Color Space`, value `1`
Got setting from build profile YAML, name `Color Space`, value `1`
Got setting from build profile YAML, name `Color Space`, value `1`
Got setting from build profile YAML, name `Color Space`, value `1`
Got setting from build profile YAML, name `Color Space`, value `1`
Got setting from build profile YAML, name `Color Space`, value `1`
Got setting from build profile YAML, name `Color Space`, value `1`
Got setting from build profile YAML, name `Color Space`, value `1`
Got setting from build profile YAML, name `Color Space`, value `1`
Got setting from build profile YAML, name `Color Space`, value `1`
Got setting from build profile YAML, name `Color Space`, value `1`
Got setting from build profile YAML, name `Color Space`, value `1`
Got setting from build profile YAML, name `Color Space`, value `1`
Got setting from build profile YAML, name `Color Space`, value `1`
Got setting from build profile YAML, name `Color Space`, value `1`
Got setting from build profile YAML, name `Color Space`, value `1`
Got setting from build profile YAML, name `Color Space`, value `1`
Got setting from build profile YAML, name `Color Space`, value `1`
Got setting from build profile YAML, name `Color Space`, value `1`
Got setting from build profile YAML, name `Color Space`, value `1`
Got setting from build profile YAML, name `Color Space`, value `1`
Got setting from build profile YAML, name `Color Space`, value `1`
Got setting from build profile YAML, name `Color Space`, value `1`
Got setting from build profile YAML, name `Color Space`, value `1`
Got setting from build profile YAML, name `Color Space`, value `1`
Got setting from build profile YAML, name `Color Space`, value `1`
Got setting from build profile YAML, name `Color Space`, value `1`
Got setting from build profile YAML, name `Color Space`, value `1`
Got setting from build profile YAML, name `Color Space`, value `1`
Got setting from build profile YAML, name `Color Space`, value `1`
Got setting from build profile YAML, name `Color Space`, value `1`
Got setting from build profile YAML, name `Color Space`, value `1`
Got setting from build profile YAML, name `Color Space`, value `1`
Got setting from build profile YAML, name `Color Space`, value `1`
Got setting from build profile YAML, name `Color Space`, value `1`
Got setting from build profile YAML, name `Color Space`, value `1`
Got setting from build profile YAML, name `Color Space`, value `1`
Got setting from build profile YAML, name `Color Space`, value `1`
Got setting from build profile YAML, name `Color Space`, value `1`
Got setting from build profile YAML, name `Color Space`, value `1`
Got setting from build profile YAML, name `Color Space`, value `1`
Got setting from build profile YAML, name `Color Space`, value `1`
Got setting from build profile YAML, name `Color Space`, value `1`
Got setting from build profile YAML, name `Color Space`, value `1`
Got setting from build profile YAML, name `Color Space`, value `1`
Got setting from build profile YAML, name `Color Space`, value `1`
Got setting from build profile YAML, name `Color Space`, value `1`
Got setting from build profile YAML, name `Color Space`, value `1`
Got setting from build profile YAML, name `Color Space`, value `1`
Got setting from build profile YAML, name `Color Space`, value `1`
Got setting from build profile YAML, name `Color Space`, value `1`
Got setting from build profile YAML, name `Color Space`, value `1`
Got setting from build profile YAML, name `Color Space`, value `1`
Got setting from build profile YAML, name `Color Space`, value `1`
Got setting from build profile YAML, name `Color Space`, value `1`
Got setting from build profile YAML, name `Color Space`, value `1`
Got setting from build profile YAML, name `Color Space`, value `1`
Got setting from build profile YAML, name `Color Space`, value `1`
Got setting from build profile YAML, name `Color Space`, value `1`
Got setting from build profile YAML, name `Color Space`, value `1`
Got setting from build profile YAML, name `Color Space`, value `1`
Got setting from build profile YAML, name `Color Space`, value `1`
Got setting from build profile YAML, name `Color Space`, value `1`
Got setting from build profile YAML, name `Color Space`, value `1`
Got setting from build profile YAML, name `Color Space`, value `1`
Got setting from build profile YAML, name `Color Space`, value `1`
Got setting from build profile YAML, name `Color Space`, value `1`
Got setting from build profile YAML, name `Color Space`, value `1`
Got setting from build profile YAML, name `Color Space`, value `1`
Got setting from build profile YAML, name `Color Space`, value `1`
Got setting from build profile YAML, name `Color Space`, value `1`
Got setting from build profile YAML, name `Color Space`, value `1`
Got setting from build profile YAML, name `Color Space`, value `1`
Got setting from build profile YAML, name `Color Space`, value `1`
Got setting from build profile YAML, name `Color Space`, value `1`
Got setting from build profile YAML, name `Color Space`, value `1`
Got setting from build profile YAML, name `Color Space`, value `1`
Got setting from build profile YAML, name `Color Space`, value `1`
Got setting from build profile YAML, name `Color Space`, value `1`
Got setting from build profile YAML, name `Color Space`, value `1`
Got setting from build profile YAML, name `Color Space`, value `1`
Got setting from build profile YAML, name `Color Space`, value `1`
Got setting from build profile YAML, name `Color Space`, value `1`
Got setting from build profile YAML, name `Color Space`, value `1`
Got setting from build profile YAML, name `Color Space`, value `1`
Got setting from build profile YAML, name `Color Space`, value `1`
Got setting from build profile YAML, name `Color Space`, value `1`
Got setting from build profile YAML, name `Color Space`, value `1`
Got setting from build profile YAML, name `Color Space`, value `1`
Got setting from build profile YAML, name `Color Space`, value `1`
Got setting from build profile YAML, name `Color Space`, value `1`
Got setting from build profile YAML, name `Color Space`, value `1`
Got setting from build profile YAML, name `Color Space`, value `1`
Got setting from build profile YAML, name `Color Space`, value `1`
Got setting from build profile YAML, name `Color Space`, value `1`
Got setting from build profile YAML, name `Color Space`, value `1`
Got setting from build profile YAML, name `Color Space`, value `1`
Got setting from build profile YAML, name `Color Space`, value `1`
Got setting from build profile YAML, name `Color Space`, value `1`
Got setting from build profile YAML, name `Color Space`, value `1`
Got setting from build profile YAML, name `Color Space`, value `1`
Got setting from build profile YAML, name `Color Space`, value `1`
Got setting from build profile YAML, name `Color Space`, value `1`
Got setting from build profile YAML, name `Color Space`, value `1`
Got setting from build profile YAML, name `Color Space`, value `1`
Got setting from build profile YAML, name `Color Space`, value `1`
Got setting from build profile YAML, name `Color Space`, value `1`
Initialize mono
Mono path[0] = 'C:/Program Files/Unity/Hub/Editor/6000.6.2f1/Editor/Data/Managed'
Mono path[1] = 'C:/Program Files/Unity/Hub/Editor/6000.6.2f1/Editor/Data/BCLExtensions/runtime/netstandard2.1'
Mono path[2] = 'C:/Program Files/Unity/Hub/Editor/6000.6.2f1/Editor/Data/MonoBleedingEdge/lib/mono/unityjit-win32'
Mono config path = 'C:/Program Files/Unity/Hub/Editor/6000.6.2f1/Editor/Data/MonoBleedingEdge/etc'
Using monoOptions --debugger-agent=transport=dt_socket,embedding=1,server=y,suspend=n,address=127.0.0.1:56436
CodeReloadManager initialized
Begin MonoManager ReloadAssembly
Registering precompiled unity dll's ...
Register platform support module: C:/Program Files/Unity/Hub/Editor/6000.6.2f1/Editor/Data/PlaybackEngines/WebGLSupport/UnityEditor.WebGL.Extensions.dll
Register platform support module: C:/Program Files/Unity/Hub/Editor/6000.6.2f1/Editor/Data/PlaybackEngines/WindowsStandaloneSupport/UnityEditor.WindowsStandalone.Extensions.dll
Registered in 0.015002 seconds.
Native extension for WindowsStandalone target not found
Native extension for WebGL target not found
Package Manager log level set to [2]
[Package Manager] Failed to launch server process. Reason: Unity was launched with the -noUpm command-line argument
[Package Manager] Unable to send message (not connected to server process).
[Package Manager] Cannot connect to Unity Package Manager local server
ScheduleIndexationOnStartup MainProcess:False IndexOnStartup:True
Got setting from build profile YAML, name `Color Space`, value `1`
Got setting from build profile YAML, name `Color Space`, value `1`
Got setting from build profile YAML, name `Color Space`, value `1`
Got setting from build profile YAML, name `Color Space`, value `1`
Got setting from build profile YAML, name `Color Space`, value `1`
Got setting from build profile YAML, name `Color Space`, value `1`
Got setting from build profile YAML, name `Color Space`, value `1`
Got setting from build profile YAML, name `Color Space`, value `1`
Got setting from build profile YAML, name `Color Space`, value `1`
Got setting from build profile YAML, name `Color Space`, value `1`
Got setting from build profile YAML, name `Color Space`, value `1`
Got setting from build profile YAML, name `Color Space`, value `1`
Got setting from build profile YAML, name `Color Space`, value `1`
Got setting from build profile YAML, name `Color Space`, value `1`
Got setting from build profile YAML, name `Color Space`, value `1`
Got setting from build profile YAML, name `Color Space`, value `1`
Got setting from build profile YAML, name `Color Space`, value `1`
Got setting from build profile YAML, name `Color Space`, value `1`
Got setting from build profile YAML, name `Color Space`, value `1`
Got setting from build profile YAML, name `Color Space`, value `1`
Got setting from build profile YAML, name `Color Space`, value `1`
Got setting from build profile YAML, name `Color Space`, value `1`
Got setting from build profile YAML, name `Color Space`, value `1`
Got setting from build profile YAML, name `Color Space`, value `1`
Got setting from build profile YAML, name `Color Space`, value `1`
Got setting from build profile YAML, name `Color Space`, value `1`
Got setting from build profile YAML, name `Color Space`, value `1`
Got setting from build profile YAML, name `Color Space`, value `1`
Got setting from build profile YAML, name `Color Space`, value `1`
Got setting from build profile YAML, name `Color Space`, value `1`
Got setting from build profile YAML, name `Color Space`, value `1`
Got setting from build profile YAML, name `Color Space`, value `1`
Got setting from build profile YAML, name `Color Space`, value `1`
Got setting from build profile YAML, name `Color Space`, value `1`
Got setting from build profile YAML, name `Color Space`, value `1`
Got setting from build profile YAML, name `Color Space`, value `1`
Got setting from build profile YAML, name `Color Space`, value `1`
Got setting from build profile YAML, name `Color Space`, value `1`
Got setting from build profile YAML, name `Color Space`, value `1`
Got setting from build profile YAML, name `Color Space`, value `1`
Got setting from build profile YAML, name `Color Space`, value `1`
Got setting from build profile YAML, name `Color Space`, value `1`
Got setting from build profile YAML, name `Color Space`, value `1`
Got setting from build profile YAML, name `Color Space`, value `1`
Got setting from build profile YAML, name `Color Space`, value `1`
Got setting from build profile YAML, name `Color Space`, value `1`
Got setting from build profile YAML, name `Color Space`, value `1`
Got setting from build profile YAML, name `Color Space`, value `1`
Got setting from build profile YAML, name `Color Space`, value `1`
Got setting from build profile YAML, name `Color Space`, value `1`
Got setting from build profile YAML, name `Color Space`, value `1`
Got setting from build profile YAML, name `Color Space`, value `1`
Got setting from build profile YAML, name `Color Space`, value `1`
Got setting from build profile YAML, name `Color Space`, value `1`
Got setting from build profile YAML, name `Color Space`, value `1`
Got setting from build profile YAML, name `Color Space`, value `1`
Got setting from build profile YAML, name `Color Space`, value `1`
Got setting from build profile YAML, name `Color Space`, value `1`
Got setting from build profile YAML, name `Color Space`, value `1`
Got setting from build profile YAML, name `Color Space`, value `1`
Got setting from build profile YAML, name `Color Space`, value `1`
Got setting from build profile YAML, name `Color Space`, value `1`
Got setting from build profile YAML, name `Color Space`, value `1`
Got setting from build profile YAML, name `Color Space`, value `1`
Got setting from build profile YAML, name `Color Space`, value `1`
Got setting from build profile YAML, name `Color Space`, value `1`
Got setting from build profile YAML, name `Color Space`, value `1`
Got setting from build profile YAML, name `Color Space`, value `1`
Got setting from build profile YAML, name `Color Space`, value `1`
Got setting from build profile YAML, name `Color Space`, value `1`
Got setting from build profile YAML, name `Color Space`, value `1`
Got setting from build profile YAML, name `Color Space`, value `1`
Got setting from build profile YAML, name `Color Space`, value `1`
Got setting from build profile YAML, name `Color Space`, value `1`
Got setting from build profile YAML, name `Color Space`, value `1`
Got setting from build profile YAML, name `Color Space`, value `1`
Got setting from build profile YAML, name `Color Space`, value `1`
Got setting from build profile YAML, name `Color Space`, value `1`
Got setting from build profile YAML, name `Color Space`, value `1`
Got setting from build profile YAML, name `Color Space`, value `1`
Got setting from build profile YAML, name `Color Space`, value `1`
Got setting from build profile YAML, name `Color Space`, value `1`
Got setting from build profile YAML, name `Color Space`, value `1`
Got setting from build profile YAML, name `Color Space`, value `1`
Got setting from build profile YAML, name `Color Space`, value `1`
Got setting from build profile YAML, name `Color Space`, value `1`
Got setting from build profile YAML, name `Color Space`, value `1`
Got setting from build profile YAML, name `Color Space`, value `1`
Got setting from build profile YAML, name `Color Space`, value `1`
Got setting from build profile YAML, name `Color Space`, value `1`
Got setting from build profile YAML, name `Color Space`, value `1`
Got setting from build profile YAML, name `Color Space`, value `1`
Got setting from build profile YAML, name `Color Space`, value `1`
Got setting from build profile YAML, name `Color Space`, value `1`
Got setting from build profile YAML, name `Color Space`, value `1`
Got setting from build profile YAML, name `Color Space`, value `1`
Got setting from build profile YAML, name `Color Space`, value `1`
Got setting from build profile YAML, name `Color Space`, value `1`
Got setting from build profile YAML, name `Color Space`, value `1`
Got setting from build profile YAML, name `Color Space`, value `1`
Got setting from build profile YAML, name `Color Space`, value `1`
Got setting from build profile YAML, name `Color Space`, value `1`
Got setting from build profile YAML, name `Color Space`, value `1`
Got setting from build profile YAML, name `Color Space`, value `1`
Got setting from build profile YAML, name `Color Space`, value `1`
Got setting from build profile YAML, name `Color Space`, value `1`
Got setting from build profile YAML, name `Color Space`, value `1`
Got setting from build profile YAML, name `Color Space`, value `1`
Got setting from build profile YAML, name `Color Space`, value `1`
Got setting from build profile YAML, name `Color Space`, value `1`
Got setting from build profile YAML, name `Color Space`, value `1`
Got setting from build profile YAML, name `Color Space`, value `1`
Got setting from build profile YAML, name `Color Space`, value `1`
Got setting from build profile YAML, name `Color Space`, value `1`
Got setting from build profile YAML, name `Color Space`, value `1`
Got setting from build profile YAML, name `Color Space`, value `1`
Got setting from build profile YAML, name `Color Space`, value `1`
Got setting from build profile YAML, name `Color Space`, value `1`
Got setting from build profile YAML, name `Color Space`, value `1`
Got setting from build profile YAML, name `Color Space`, value `1`
Got setting from build profile YAML, name `Color Space`, value `1`
Got setting from build profile YAML, name `Color Space`, value `1`
Got setting from build profile YAML, name `Color Space`, value `1`
Got setting from build profile YAML, name `Color Space`, value `1`
Got setting from build profile YAML, name `Color Space`, value `1`
Got setting from build profile YAML, name `Color Space`, value `1`
Got setting from build profile YAML, name `Color Space`, value `1`
Got setting from build profile YAML, name `Color Space`, value `1`
Got setting from build profile YAML, name `Color Space`, value `1`
Got setting from build profile YAML, name `Color Space`, value `1`
Got setting from build profile YAML, name `Color Space`, value `1`
Got setting from build profile YAML, name `Color Space`, value `1`
Got setting from build profile YAML, name `Color Space`, value `1`
Got setting from build profile YAML, name `Color Space`, value `1`
Scripting: successfully reloaded assembly
- Finished resetting the current domain, in  1.238 seconds
Domain Reload Profiling: 3096ms
	BeginReloadAssembly (456ms)
	RebuildCommonClasses (19ms)
	RebuildNativeTypeToScriptingClass (49ms)
	initialDomainReloadingComplete (488ms)
	LoadAllAssembliesAndSetupDomain (844ms)
		LoadAssemblies (450ms)
		TypeCache.Refresh (601ms)
			TypeCache.ScanAssembly (564ms)
		AnalyzeDomain (2ms)
	FinalizeReload (1240ms)
		SetupLoadedEditorAssemblies (0ms)
			LogAssemblyErrors (3ms)
			InitializePlatformSupportModulesInManaged (5ms)
			BeforeProcessingInitializeOnLoad (263ms)
			ProcessInitializeOnLoadAttributes (239ms)
			ProcessInitializeOnLoadMethodAttributes (519ms)
Initializing Unity extensions:
[Licensing::Client] Successfully resolved entitlement details
[Licensing::Module] License group:
  Id: 2476051603492-jm2569-UnityProStuXXXX
  Product: Unity Student
  Type: Assigned
  Expiration: 2027-09-23T20:25:38Z
========================================================================
Worker process is ready to serve import requests
Import Worker Mode flag is 0x00
Got setting from build profile YAML, name `m_Development`, value `0`
Got setting from build profile YAML, name `Color Space`, value `1`
Begin MonoManager ReloadAssembly
'Packages/com.unity.render-pipelines.core/Editor/Deprecated.cs' contains partial class of Unity.Object, exactly 1 of the partial classes needs to be in a file with the same filename. This is to know the one that can be referenced from ie. GameObjects
'Packages/com.unity.render-pipelines.core/Editor/Deprecated.cs' contains partial class of Unity.Object, exactly 1 of the partial classes needs to be in a file with the same filename. This is to know the one that can be referenced from ie. GameObjects
Refreshing native plugins compatible for Editor in 2.52 ms, found 4 plugins.
Native extension for WindowsStandalone target not found
Native extension for WebGL target not found
[Package Manager] Failed to launch server process. Reason: Unity was launched with the -noUpm command-line argument
[Package Manager] Unable to send message (not connected to server process).
[Package Manager] Cannot connect to Unity Package Manager local server
[Package Manager] Failed to launch server process. Reason: Unity was launched with the -noUpm command-line argument
[Package Manager] Unable to send message (not connected to server process).
[Package Manager] Cannot connect to Unity Package Manager local server
ScheduleIndexationOnStartup MainProcess:False IndexOnStartup:True
Scripting: successfully reloaded assembly
- Finished resetting the current domain, in  1.404 seconds
Domain Reload Profiling: 3228ms
	BeginReloadAssembly (469ms)
		DisableScriptedObjects (43ms)
		CreateAndSetChildDomain (55ms)
	RebuildCommonClasses (16ms)
	RebuildNativeTypeToScriptingClass (32ms)
	initialDomainReloadingComplete (120ms)
	LoadAllAssembliesAndSetupDomain (1187ms)
		LoadAssemblies (675ms)
		TypeCache.Refresh (304ms)
			TypeCache.ScanAssembly (280ms)
		AnalyzeDomain (148ms)
			BuildScriptInfoCaches (132ms)
			ResolveRequiredComponents (13ms)
	FinalizeReload (1406ms)
		SetupLoadedEditorAssemblies (0ms)
			LogAssemblyErrors (11ms)
			InitializePlatformSupportModulesInManaged (5ms)
			BeforeProcessingInitializeOnLoad (211ms)
			ProcessInitializeOnLoadAttributes (519ms)
			ProcessInitializeOnLoadMethodAttributes (96ms)
			AfterProcessingInitializeOnLoad (12ms)
		AwakeInstancesAfterBackupRestoration (41ms)
AcceleratorClientConnectionCallback - disconnected - :0
Launched and connected shader compiler UnityShaderCompiler.exe after 0.02 seconds
Refreshing native plugins compatible for Editor in 3.44 ms, found 4 plugins.
Unloading 24 Unused Serialized files (Serialized files now loaded: 0)
Unloading 6580 unused Assets / (6.8 MB). Loaded Objects now: 7520.
Memory consumption went from 334.4 MB to 327.6 MB.
Total: 18.671200 ms (FindLiveObjects: 3.510000 ms CreateObjectMapping: 1.156200 ms MarkObjects: 10.678500 ms  DeleteObjects: 2.755600 ms)

Curl error 23: Failure writing output to destination, passed 293 returned 0
========================================================================
Received Prepare
AcceleratorClientConnectionCallback - disconnected - :0
Refreshing native plugins compatible for Editor in 3.12 ms, found 4 plugins.
Unloading 24 Unused Serialized files (Serialized files now loaded: 0)
Unloading 24 unused Assets / (3.0 MB). Loaded Objects now: 7520.
Memory consumption went from 327.6 MB to 324.5 MB.
Total: 11.362500 ms (FindLiveObjects: 0.777600 ms CreateObjectMapping: 0.251100 ms MarkObjects: 9.359400 ms  DeleteObjects: 0.525900 ms)

Prepare: number of updated asset objects reloaded= 0
EnvironmentDependencyValues requested are different than current active one (requested -> active):
  graphicsApiMask: 2048 -> 264192
========================================================================
Received Import Request.
  Time of request: 2026-09-27T18:52:42.5073039Z
  Time since last request: 89938.50467209999624 seconds.
  importAddress: GUID: fa60a49a9556e84498da7d49d8a8835b - Path: Assets/Materials/Enemy.mat - Importer: ScriptedImporter/UnityEditor.QuickSearchModule:UnityEditor.Search:ASIAI0B
Importing 'GUID: fa60a49a9556e84498da7d49d8a8835b - Path: Assets/Materials/Enemy.mat - Importer: ScriptedImporter/UnityEditor.QuickSearchModule:UnityEditor.Search:ASIAI0B' with importer (ScriptedImporter : UnityEditor.QuickSearchModule:UnityEditor.Search:ASIAI0B)
Imported 'GUID: fa60a49a9556e84498da7d49d8a8835b' -> (Import Result ID: '7c1aaf73c1f1c7026adcf4cf685d2cd2') in 0.222 seconds [static and dynamic dependencies]. Details - ImportResultOutputID=79cb45f2c02f2fae80810907954ac3f3 DependenciesID=0df21556efebd2f4d83586f4f717d7fc StaticDependenciesID=0cc528c1d296810cc95bed8dd0c86171 
Number of updated asset objects reloaded before import = 0
Number of asset objects unloaded after import = 2
========================================================================
Received Prepare
AcceleratorClientConnectionCallback - disconnected - :0
Refreshing native plugins compatible for Editor in 6.72 ms, found 4 plugins.
Unloading 24 Unused Serialized files (Serialized files now loaded: 0)
Unloading 25 unused Assets / (3.0 MB). Loaded Objects now: 7522.
Memory consumption went from 332.9 MB to 329.9 MB.
Total: 13.740400 ms (FindLiveObjects: 0.763800 ms CreateObjectMapping: 0.258300 ms MarkObjects: 11.740000 ms  DeleteObjects: 0.530300 ms)

Prepare: number of updated asset objects reloaded= 0
EnvironmentDependencyValues requested are different than current active one (requested -> active):
  graphicsApiMask: 2048 -> 264192
========================================================================
Received Import Request.
  Time of request: 2026-09-27T18:54:58.1367297Z
  Time since last request: 135.38902300000001 seconds.
  importAddress: GUID: c098e92f715f65541a500c11a69621d5 - Path: Assets/Scenes/minigame/NavMesh-Ground.asset - Importer: ScriptedImporter/UnityEditor.QuickSearchModule:UnityEditor.Search:ASIAI0B
Importing 'GUID: c098e92f715f65541a500c11a69621d5 - Path: Assets/Scenes/minigame/NavMesh-Ground.asset - Importer: ScriptedImporter/UnityEditor.QuickSearchModule:UnityEditor.Search:ASIAI0B' with importer (ScriptedImporter : UnityEditor.QuickSearchModule:UnityEditor.Search:ASIAI0B)
Imported 'GUID: c098e92f715f65541a500c11a69621d5' -> (Import Result ID: '2ad9e40ed72368608300cb740c2a33ff') in 0.017 seconds [static and dynamic dependencies]. Details - ImportResultOutputID=ec171bd23e7ecd7e2bf84e6185429bad DependenciesID=02b7d42f48a5399e7ca532268ae9ac4b StaticDependenciesID=03f45a9747dd654f50f26ec5e83d2cb2 
Number of updated asset objects reloaded before import = 0
Number of asset objects unloaded after import = 1
========================================================================
Received Prepare
AcceleratorClientConnectionCallback - disconnected - :0
Refreshing native plugins compatible for Editor in 3.94 ms, found 4 plugins.
Unloading 24 Unused Serialized files (Serialized files now loaded: 0)
Unloading 25 unused Assets / (3.0 MB). Loaded Objects now: 7522.
Memory consumption went from 333.0 MB to 330.0 MB.
Total: 9.826300 ms (FindLiveObjects: 0.674100 ms CreateObjectMapping: 0.203200 ms MarkObjects: 7.991700 ms  DeleteObjects: 0.492900 ms)

Prepare: number of updated asset objects reloaded= 0
EnvironmentDependencyValues requested are different than current active one (requested -> active):
  graphicsApiMask: 2048 -> 264192
========================================================================
Received Prepare
AcceleratorClientConnectionCallback - disconnected - :0
'Packages/com.unity.render-pipelines.core/Editor/Deprecated.cs' contains partial class of Unity.Object, exactly 1 of the partial classes needs to be in a file with the same filename. This is to know the one that can be referenced from ie. GameObjects
'Packages/com.unity.render-pipelines.core/Editor/Deprecated.cs' contains partial class of Unity.Object, exactly 1 of the partial classes needs to be in a file with the same filename. This is to know the one that can be referenced from ie. GameObjects
Refreshing native plugins compatible for Editor in 4.33 ms, found 4 plugins.
Unloading 24 Unused Serialized files (Serialized files now loaded: 0)
Unloading 6566 unused Assets / (6.3 MB). Loaded Objects now: 7523.
Memory consumption went from 340.7 MB to 334.3 MB.
Total: 17.209700 ms (FindLiveObjects: 1.268700 ms CreateObjectMapping: 0.727400 ms MarkObjects: 12.285300 ms  DeleteObjects: 2.441400 ms)

Prepare: number of updated asset objects reloaded= 0
EnvironmentDependencyValues requested are different than current active one (requested -> active):
  graphicsApiMask: 2048 -> 264192
========================================================================
Received Import Request.
  Time of request: 2026-09-27T18:56:43.473106Z
  Time since last request: 105.290649 seconds.
  importAddress: GUID: 89e05fd90e9e7ca49bf9eb0b65870fad - Path: Assets/Scripts/EnemyMovement.cs - Importer: ScriptedImporter/UnityEditor.QuickSearchModule:UnityEditor.Search:ASIAI0B
Importing 'GUID: 89e05fd90e9e7ca49bf9eb0b65870fad - Path: Assets/Scripts/EnemyMovement.cs - Importer: ScriptedImporter/UnityEditor.QuickSearchModule:UnityEditor.Search:ASIAI0B' with importer (ScriptedImporter : UnityEditor.QuickSearchModule:UnityEditor.Search:ASIAI0B)
Imported 'GUID: 89e05fd90e9e7ca49bf9eb0b65870fad' -> (Import Result ID: 'af774737943d41830060625b3aa1b480') in 0.018 seconds [static and dynamic dependencies]. Details - ImportResultOutputID=b27e9f248575e3a25ae058795883a55e DependenciesID=298015ca8716f6402c7a1504d63f57fc StaticDependenciesID=b3a9a0c00a3c73af752b1a872fb3aa16 
Number of updated asset objects reloaded before import = 0
Number of asset objects unloaded after import = 0
========================================================================
Received Import Request.
  Time of request: 2026-09-27T18:57:02.823072Z
  Time since last request: 19.3062443 seconds.
  importAddress: GUID: 89e05fd90e9e7ca49bf9eb0b65870fad - Path: Assets/Scripts/EnemyMovement.cs - Importer: PreviewImporter
Importing 'GUID: 89e05fd90e9e7ca49bf9eb0b65870fad - Path: Assets/Scripts/EnemyMovement.cs - Importer: PreviewImporter' with importer (PreviewImporter)
Imported 'GUID: 89e05fd90e9e7ca49bf9eb0b65870fad' -> (Import Result ID: '201d602663698e73420e68c9b5ee9e98') in 0.005 seconds [static and dynamic dependencies]. Details - ImportResultOutputID=1e82cae1f3da115dcaf8543541f06202 DependenciesID=969205c632299912f0a15dc9f48a8102 StaticDependenciesID=775ac0f74fb51e489c95d3b0e6f569aa 
Number of updated asset objects reloaded before import = 0
Number of asset objects unloaded after import = 0
========================================================================
Received Prepare
AcceleratorClientConnectionCallback - disconnected - :0
[Licensing::Client] Successfully resolved entitlement details
Begin MonoManager ReloadAssembly
'Packages/com.unity.render-pipelines.core/Editor/Deprecated.cs' contains partial class of Unity.Object, exactly 1 of the partial classes needs to be in a file with the same filename. This is to know the one that can be referenced from ie. GameObjects
'Packages/com.unity.render-pipelines.core/Editor/Deprecated.cs' contains partial class of Unity.Object, exactly 1 of the partial classes needs to be in a file with the same filename. This is to know the one that can be referenced from ie. GameObjects
Refreshing native plugins compatible for Editor in 9.18 ms, found 4 plugins.
Native extension for WindowsStandalone target not found
Native extension for WebGL target not found
[Package Manager] Failed to launch server process. Reason: Unity was launched with the -noUpm command-line argument
[Package Manager] Unable to send message (not connected to server process).
[Package Manager] Cannot connect to Unity Package Manager local server
[Package Manager] Failed to launch server process. Reason: Unity was launched with the -noUpm command-line argument
[Package Manager] Unable to send message (not connected to server process).
[Package Manager] Cannot connect to Unity Package Manager local server
ScheduleIndexationOnStartup MainProcess:False IndexOnStartup:True
Scripting: successfully reloaded assembly
- Finished resetting the current domain, in  3.809 seconds
Domain Reload Profiling: 13541ms
	BeginReloadAssembly (2058ms)
		ExecutionOrderSort (3ms)
		DisableScriptedObjects (211ms)
		CreateAndSetChildDomain (393ms)
	RebuildCommonClasses (34ms)
	RebuildNativeTypeToScriptingClass (355ms)
	initialDomainReloadingComplete (315ms)
	LoadAllAssembliesAndSetupDomain (6966ms)
		LoadAssemblies (6418ms)
		TypeCache.Refresh (47ms)
			TypeCache.ScanAssembly (3ms)
		AnalyzeDomain (950ms)
			BuildScriptInfoCaches (919ms)
			ResolveRequiredComponents (18ms)
	FinalizeReload (3813ms)
		SetupLoadedEditorAssemblies (0ms)
			LogAssemblyErrors (7ms)
			InitializePlatformSupportModulesInManaged (8ms)
			BeforeProcessingInitializeOnLoad (346ms)
			ProcessInitializeOnLoadAttributes (785ms)
			ProcessInitializeOnLoadMethodAttributes (161ms)
			AfterProcessingInitializeOnLoad (25ms)
			EditorAssembliesLoaded (7ms)
		AwakeInstancesAfterBackupRestoration (110ms)
Refreshing native plugins compatible for Editor in 7.80 ms, found 4 plugins.
Unloading 24 Unused Serialized files (Serialized files now loaded: 0)
Unloading 6578 unused Assets / (5.4 MB). Loaded Objects now: 7573.
Memory consumption went from 349.6 MB to 344.2 MB.
Total: 22.218400 ms (FindLiveObjects: 1.745300 ms CreateObjectMapping: 0.820700 ms MarkObjects: 14.966900 ms  DeleteObjects: 3.931000 ms)

Prepare: number of updated asset objects reloaded= 0
EnvironmentDependencyValues requested are different than current active one (requested -> active):
  graphicsApiMask: 2048 -> 264192
========================================================================
Received Prepare
AcceleratorClientConnectionCallback - disconnected - :0
'Packages/com.unity.render-pipelines.core/Editor/Deprecated.cs' contains partial class of Unity.Object, exactly 1 of the partial classes needs to be in a file with the same filename. This is to know the one that can be referenced from ie. GameObjects
'Packages/com.unity.render-pipelines.core/Editor/Deprecated.cs' contains partial class of Unity.Object, exactly 1 of the partial classes needs to be in a file with the same filename. This is to know the one that can be referenced from ie. GameObjects
Refreshing native plugins compatible for Editor in 3.52 ms, found 4 plugins.
Unloading 24 Unused Serialized files (Serialized files now loaded: 0)
Unloading 6566 unused Assets / (7.4 MB). Loaded Objects now: 7573.
Memory consumption went from 352.7 MB to 345.3 MB.
Total: 16.248400 ms (FindLiveObjects: 1.163600 ms CreateObjectMapping: 0.910700 ms MarkObjects: 10.947300 ms  DeleteObjects: 2.743500 ms)

Prepare: number of updated asset objects reloaded= 0
EnvironmentDependencyValues requested are different than current active one (requested -> active):
  graphicsApiMask: 2048 -> 264192
========================================================================
Received Prepare
AcceleratorClientConnectionCallback - disconnected - :0
'Packages/com.unity.render-pipelines.core/Editor/Deprecated.cs' contains partial class of Unity.Object, exactly 1 of the partial classes needs to be in a file with the same filename. This is to know the one that can be referenced from ie. GameObjects
'Packages/com.unity.render-pipelines.core/Editor/Deprecated.cs' contains partial class of Unity.Object, exactly 1 of the partial classes needs to be in a file with the same filename. This is to know the one that can be referenced from ie. GameObjects
Refreshing native plugins compatible for Editor in 4.63 ms, found 4 plugins.
Unloading 24 Unused Serialized files (Serialized files now loaded: 0)
Unloading 6566 unused Assets / (5.3 MB). Loaded Objects now: 7573.
Memory consumption went from 355.7 MB to 350.4 MB.
Total: 17.441800 ms (FindLiveObjects: 1.061900 ms CreateObjectMapping: 0.492600 ms MarkObjects: 12.055100 ms  DeleteObjects: 3.295700 ms)

Prepare: number of updated asset objects reloaded= 0
EnvironmentDependencyValues requested are different than current active one (requested -> active):
  graphicsApiMask: 2048 -> 264192
========================================================================
Received Import Request.
  Time of request: 2026-09-27T19:00:45.966024Z
  Time since last request: 223.11402330000001 seconds.
  importAddress: GUID: eb2bf1b3e599c954ca40fd856b1bed19 - Path: Assets/Scripts/CameraController.cs - Importer: PreviewImporter
Importing 'GUID: eb2bf1b3e599c954ca40fd856b1bed19 - Path: Assets/Scripts/CameraController.cs - Importer: PreviewImporter' with importer (PreviewImporter)
Imported 'GUID: eb2bf1b3e599c954ca40fd856b1bed19' -> (Import Result ID: '9b5692f17d75d228ad3591f6068afc16') in 0.013 seconds [static and dynamic dependencies]. Details - ImportResultOutputID=58b88c3d6ec2cc3c03e38c7dfb939a1d DependenciesID=0d7509386690550b4f60c7190687bc5e StaticDependenciesID=79f71ec12ba0afac8fa0e1f2d90991fa 
Number of updated asset objects reloaded before import = 0
Number of asset objects unloaded after import = 0
========================================================================
Received Prepare
AcceleratorClientConnectionCallback - disconnected - :0
[Licensing::Client] Successfully resolved entitlement details
Begin MonoManager ReloadAssembly
'Packages/com.unity.render-pipelines.core/Editor/Deprecated.cs' contains partial class of Unity.Object, exactly 1 of the partial classes needs to be in a file with the same filename. This is to know the one that can be referenced from ie. GameObjects
'Packages/com.unity.render-pipelines.core/Editor/Deprecated.cs' contains partial class of Unity.Object, exactly 1 of the partial classes needs to be in a file with the same filename. This is to know the one that can be referenced from ie. GameObjects
Refreshing native plugins compatible for Editor in 4.34 ms, found 4 plugins.
Native extension for WindowsStandalone target not found
Native extension for WebGL target not found
[Package Manager] Failed to launch server process. Reason: Unity was launched with the -noUpm command-line argument
[Package Manager] Unable to send message (not connected to server process).
[Package Manager] Cannot connect to Unity Package Manager local server
[Package Manager] Failed to launch server process. Reason: Unity was launched with the -noUpm command-line argument
[Package Manager] Unable to send message (not connected to server process).
[Package Manager] Cannot connect to Unity Package Manager local server
ScheduleIndexationOnStartup MainProcess:False IndexOnStartup:True
Scripting: successfully reloaded assembly
- Finished resetting the current domain, in  1.492 seconds
Domain Reload Profiling: 3759ms
	BeginReloadAssembly (721ms)
		DisableScriptedObjects (131ms)
		CreateAndSetChildDomain (165ms)
	RebuildCommonClasses (17ms)
	RebuildNativeTypeToScriptingClass (29ms)
	initialDomainReloadingComplete (158ms)
	LoadAllAssembliesAndSetupDomain (1341ms)
		LoadAssemblies (905ms)
		TypeCache.Refresh (19ms)
		AnalyzeDomain (339ms)
			BuildScriptInfoCaches (321ms)
			ResolveRequiredComponents (12ms)
	FinalizeReload (1493ms)
		SetupLoadedEditorAssemblies (0ms)
			LogAssemblyErrors (4ms)
			InitializePlatformSupportModulesInManaged (6ms)
			BeforeProcessingInitializeOnLoad (197ms)
			ProcessInitializeOnLoadAttributes (500ms)
			ProcessInitializeOnLoadMethodAttributes (144ms)
			AfterProcessingInitializeOnLoad (24ms)
			EditorAssembliesLoaded (7ms)
		AwakeInstancesAfterBackupRestoration (86ms)
Refreshing native plugins compatible for Editor in 2.93 ms, found 4 plugins.
Unloading 24 Unused Serialized files (Serialized files now loaded: 0)
Unloading 6578 unused Assets / (6.4 MB). Loaded Objects now: 7576.
Memory consumption went from 359.3 MB to 352.9 MB.
Total: 15.200800 ms (FindLiveObjects: 2.453300 ms CreateObjectMapping: 0.783500 ms MarkObjects: 8.304100 ms  DeleteObjects: 3.043800 ms)

Prepare: number of updated asset objects reloaded= 0
EnvironmentDependencyValues requested are different than current active one (requested -> active):
  graphicsApiMask: 2048 -> 264192
========================================================================
Received Prepare
AcceleratorClientConnectionCallback - disconnected - :0
Refreshing native plugins compatible for Editor in 3.94 ms, found 4 plugins.
Unloading 24 Unused Serialized files (Serialized files now loaded: 0)
Unloading 25 unused Assets / (2.9 MB). Loaded Objects now: 7576.
Memory consumption went from 357.8 MB to 354.8 MB.
Total: 12.036400 ms (FindLiveObjects: 0.897900 ms CreateObjectMapping: 0.264100 ms MarkObjects: 8.949400 ms  DeleteObjects: 1.233100 ms)

Prepare: number of updated asset objects reloaded= 0
EnvironmentDependencyValues requested are different than current active one (requested -> active):
  graphicsApiMask: 2048 -> 264192
========================================================================
Received Import Request.
  Time of request: 2026-09-27T19:08:05.0526202Z
  Time since last request: 439.03864470000002 seconds.
  importAddress: GUID: fa60a49a9556e84498da7d49d8a8835b - Path: Assets/Materials/Enemy.mat - Importer: PreviewImporter
Importing 'GUID: fa60a49a9556e84498da7d49d8a8835b - Path: Assets/Materials/Enemy.mat - Importer: PreviewImporter' with importer (PreviewImporter)
Imported 'GUID: fa60a49a9556e84498da7d49d8a8835b' -> (Import Result ID: '0f8e55f80ff6bf33d47eabac50ac2233') in 1.313 seconds [static and dynamic dependencies]. Details - ImportResultOutputID=ad76a49ca901a4896b3c03dcbe010f78 DependenciesID=a7ede6f34032e8da23f968f88d44ccfd StaticDependenciesID=9899936a70003247125e8d5736be26b6 
Number of updated asset objects reloaded before import = 0
Number of asset objects unloaded after import = 3
========================================================================
Received Import Request.
  Time of request: 2026-09-27T19:08:10.6408195Z
  Time since last request: 4.2412453 seconds.
  importAddress: GUID: 89e05fd90e9e7ca49bf9eb0b65870fad - Path: Assets/Scripts/EnemyMovement.cs - Importer: ScriptedImporter/UnityEditor.QuickSearchModule:UnityEditor.Search:ASIAI0B
Importing 'GUID: 89e05fd90e9e7ca49bf9eb0b65870fad - Path: Assets/Scripts/EnemyMovement.cs - Importer: ScriptedImporter/UnityEditor.QuickSearchModule:UnityEditor.Search:ASIAI0B' with importer (ScriptedImporter : UnityEditor.QuickSearchModule:UnityEditor.Search:ASIAI0B)
Imported 'GUID: 89e05fd90e9e7ca49bf9eb0b65870fad' -> (Import Result ID: '25bc3643c51c1d5ee1b7ab00640dea0c') in 0.132 seconds [static and dynamic dependencies]. Details - ImportResultOutputID=bad37a0cbbdd8493909816c25ee97141 DependenciesID=a17d1f6aba9f63e1d34bd8cc4a05ab69 StaticDependenciesID=7851be2bb4a7eb9be5f90d6a00e736c1 
Number of updated asset objects reloaded before import = 0
Number of asset objects unloaded after import = 0
========================================================================
Received Import Request.
  Time of request: 2026-09-27T19:08:10.8060851Z
  Time since last request: 0.0016352 seconds.
  importAddress: GUID: fa60a49a9556e84498da7d49d8a8835b - Path: Assets/Materials/Enemy.mat - Importer: ScriptedImporter/UnityEditor.QuickSearchModule:UnityEditor.Search:ASIAI0B
Importing 'GUID: fa60a49a9556e84498da7d49d8a8835b - Path: Assets/Materials/Enemy.mat - Importer: ScriptedImporter/UnityEditor.QuickSearchModule:UnityEditor.Search:ASIAI0B' with importer (ScriptedImporter : UnityEditor.QuickSearchModule:UnityEditor.Search:ASIAI0B)
Imported 'GUID: fa60a49a9556e84498da7d49d8a8835b' -> (Import Result ID: '4130958a0adeb1c04717e51a50cc4925') in 0.021 seconds [static and dynamic dependencies]. Details - ImportResultOutputID=69f82827aec14ff2425cc0e7aca37f9f DependenciesID=4cb8a6456332419279e1a256dab1ffce StaticDependenciesID=bd68d6747a16730c2b4aafcde7bc3a3a 
Number of updated asset objects reloaded before import = 0
Number of asset objects unloaded after import = 2
========================================================================
Received Prepare
AcceleratorClientConnectionCallback - disconnected - :0
Refreshing native plugins compatible for Editor in 4.77 ms, found 4 plugins.
Unloading 24 Unused Serialized files (Serialized files now loaded: 0)
Unloading 26 unused Assets / (3.1 MB). Loaded Objects now: 7731.
Memory consumption went from 376.3 MB to 373.2 MB.
Total: 17.995500 ms (FindLiveObjects: 1.254800 ms CreateObjectMapping: 0.488700 ms MarkObjects: 14.644500 ms  DeleteObjects: 0.564500 ms)

Prepare: number of updated asset objects reloaded= 0
EnvironmentDependencyValues requested are different than current active one (requested -> active):
  graphicsApiMask: 2048 -> 264192
========================================================================
Received Import Request.
  Time of request: 2026-09-27T19:08:18.2654976Z
  Time since last request: 7.419444 seconds.
  importAddress: GUID: 7eef5cd32e6312e46a7dc13587e7488d - Path: Assets/Materials/Obstacle.mat - Importer: ScriptedImporter/UnityEditor.QuickSearchModule:UnityEditor.Search:ASIAI0B
Importing 'GUID: 7eef5cd32e6312e46a7dc13587e7488d - Path: Assets/Materials/Obstacle.mat - Importer: ScriptedImporter/UnityEditor.QuickSearchModule:UnityEditor.Search:ASIAI0B' with importer (ScriptedImporter : UnityEditor.QuickSearchModule:UnityEditor.Search:ASIAI0B)
Imported 'GUID: 7eef5cd32e6312e46a7dc13587e7488d' -> (Import Result ID: '5c86eb22cdc6d91b208a67509cafed9c') in 0.007 seconds [static and dynamic dependencies]. Details - ImportResultOutputID=82f9c44e8202e8d6790ab7925c79c198 DependenciesID=b7afaaf0f31627ce47c7661739364856 StaticDependenciesID=8f2c012a57da28625522825eca313877 
Number of updated asset objects reloaded before import = 0
Number of asset objects unloaded after import = 2
========================================================================
Received Prepare
AcceleratorClientConnectionCallback - disconnected - :0
Refreshing native plugins compatible for Editor in 3.82 ms, found 4 plugins.
Unloading 24 Unused Serialized files (Serialized files now loaded: 0)
Unloading 25 unused Assets / (3.0 MB). Loaded Objects now: 7731.
Memory consumption went from 379.3 MB to 376.3 MB.
Total: 14.248700 ms (FindLiveObjects: 1.033800 ms CreateObjectMapping: 0.264800 ms MarkObjects: 11.701700 ms  DeleteObjects: 0.777000 ms)

Prepare: number of updated asset objects reloaded= 0
EnvironmentDependencyValues requested are different than current active one (requested -> active):
  graphicsApiMask: 2048 -> 264192
========================================================================
Received Prepare
AcceleratorClientConnectionCallback - disconnected - :0
Refreshing native plugins compatible for Editor in 3.61 ms, found 4 plugins.
Unloading 24 Unused Serialized files (Serialized files now loaded: 0)
Unloading 25 unused Assets / (3.0 MB). Loaded Objects now: 7731.
Memory consumption went from 382.3 MB to 379.3 MB.
Total: 19.337100 ms (FindLiveObjects: 1.310600 ms CreateObjectMapping: 0.916300 ms MarkObjects: 15.774400 ms  DeleteObjects: 0.828100 ms)

Prepare: number of updated asset objects reloaded= 0
EnvironmentDependencyValues requested are different than current active one (requested -> active):
  graphicsApiMask: 2048 -> 264192
========================================================================
Received Import Request.
  Time of request: 2026-09-27T19:15:25.7039838Z
  Time since last request: 427.40618410000002 seconds.
  importAddress: GUID: 32106107b0a2f3d4ea97152d8dafa83a - Path: Assets/Scenes/minigame.unity - Importer: ScriptedImporter/UnityEditor.QuickSearchModule:UnityEditor.Search:ASIAI0B
Importing 'GUID: 32106107b0a2f3d4ea97152d8dafa83a - Path: Assets/Scenes/minigame.unity - Importer: ScriptedImporter/UnityEditor.QuickSearchModule:UnityEditor.Search:ASIAI0B' with importer (ScriptedImporter : UnityEditor.QuickSearchModule:UnityEditor.Search:ASIAI0B)
Imported 'GUID: 32106107b0a2f3d4ea97152d8dafa83a' -> (Import Result ID: '4952672849e599a9e636d03229a96106') in 0.014 seconds [static and dynamic dependencies]. Details - ImportResultOutputID=643ce1afa388e19134d81d7b9ae9f26b DependenciesID=efc83966dfca884e9a383dd0ad38d512 StaticDependenciesID=6ec47a00c6ec2c5282ee1f5341c9468a 
Number of updated asset objects reloaded before import = 0
Number of asset objects unloaded after import = 1
========================================================================
Received Prepare
AcceleratorClientConnectionCallback - disconnected - :0
Refreshing native plugins compatible for Editor in 3.55 ms, found 4 plugins.
Unloading 24 Unused Serialized files (Serialized files now loaded: 0)
Unloading 25 unused Assets / (2.9 MB). Loaded Objects now: 7731.
Memory consumption went from 382.3 MB to 379.3 MB.
Total: 17.423600 ms (FindLiveObjects: 1.244200 ms CreateObjectMapping: 0.318200 ms MarkObjects: 14.610300 ms  DeleteObjects: 0.787500 ms)

Prepare: number of updated asset objects reloaded= 0
EnvironmentDependencyValues requested are different than current active one (requested -> active):
  graphicsApiMask: 2048 -> 264192
========================================================================
Received Import Request.
  Time of request: 2026-09-27T19:19:01.0432119Z
  Time since last request: 215.2962971 seconds.
  importAddress: GUID: c58cad196bb933c4d8301e87235d5691 - Path: Assets/PreFabs/Dynamic Obstacle.prefab - Importer: PreviewImporter
Importing 'GUID: c58cad196bb933c4d8301e87235d5691 - Path: Assets/PreFabs/Dynamic Obstacle.prefab - Importer: PreviewImporter' with importer (PreviewImporter)
Imported 'GUID: c58cad196bb933c4d8301e87235d5691' -> (Import Result ID: '4688b53b3f5ac4967fca9b1cc7cfc2f0') in 0.064 seconds [static and dynamic dependencies]. Details - ImportResultOutputID=9a2281c36391df2ec221de8425e04de5 DependenciesID=1b8c8b7382d5e2635e3e5b0510f57688 StaticDependenciesID=939940ecc39fe6433fd39f15abf7b764 
Number of updated asset objects reloaded before import = 0
Number of asset objects unloaded after import = 10
========================================================================
Received Import Request.
  Time of request: 2026-09-27T19:19:01.5500595Z
  Time since last request: 0.4216497 seconds.
  importAddress: GUID: c58cad196bb933c4d8301e87235d5691 - Path: Assets/PreFabs/Dynamic Obstacle.prefab - Importer: ScriptedImporter/UnityEditor.QuickSearchModule:UnityEditor.Search:ASIAI0B
Importing 'GUID: c58cad196bb933c4d8301e87235d5691 - Path: Assets/PreFabs/Dynamic Obstacle.prefab - Importer: ScriptedImporter/UnityEditor.QuickSearchModule:UnityEditor.Search:ASIAI0B' with importer (ScriptedImporter : UnityEditor.QuickSearchModule:UnityEditor.Search:ASIAI0B)
Imported 'GUID: c58cad196bb933c4d8301e87235d5691' -> (Import Result ID: '5c72b32a161f405e0d27f9b2c91df9e7') in 0.073 seconds [static and dynamic dependencies]. Details - ImportResultOutputID=7d09f04a90ed5f1602ff0857274ac732 DependenciesID=20b64948821211404a145a7d82c7f264 StaticDependenciesID=9e510896cc51d0b9f59e9dbd0929f976 
Number of updated asset objects reloaded before import = 0
Number of asset objects unloaded after import = 9
========================================================================
Received Import Request.
  Time of request: 2026-09-27T19:19:30.6279753Z
  Time since last request: 28.9788416 seconds.
  importAddress: GUID: ed4a7a6dd867ca64b8b2a6cc84c2a5fb - Path: Assets/Materials/Dynamic Box.mat - Importer: PreviewImporter
Importing 'GUID: ed4a7a6dd867ca64b8b2a6cc84c2a5fb - Path: Assets/Materials/Dynamic Box.mat - Importer: PreviewImporter' with importer (PreviewImporter)
Imported 'GUID: ed4a7a6dd867ca64b8b2a6cc84c2a5fb' -> (Import Result ID: '5fb800c1af9d41916d5de2316ec40b63') in 0.018 seconds [static and dynamic dependencies]. Details - ImportResultOutputID=94defcf94ee08885455e5390f48d24dc DependenciesID=3ea193785ed20109303e704861e08223 StaticDependenciesID=329703bd4357b0acf79c38366eb9c2d5 
Number of updated asset objects reloaded before import = 0
Number of asset objects unloaded after import = 2
========================================================================
Received Import Request.
  Time of request: 2026-09-27T19:19:31.6068252Z
  Time since last request: 0.9286212 seconds.
  importAddress: GUID: ed4a7a6dd867ca64b8b2a6cc84c2a5fb - Path: Assets/Materials/Dynamic Box.mat - Importer: ScriptedImporter/UnityEditor.QuickSearchModule:UnityEditor.Search:ASIAI0B
Importing 'GUID: ed4a7a6dd867ca64b8b2a6cc84c2a5fb - Path: Assets/Materials/Dynamic Box.mat - Importer: ScriptedImporter/UnityEditor.QuickSearchModule:UnityEditor.Search:ASIAI0B' with importer (ScriptedImporter : UnityEditor.QuickSearchModule:UnityEditor.Search:ASIAI0B)
Imported 'GUID: ed4a7a6dd867ca64b8b2a6cc84c2a5fb' -> (Import Result ID: '00ea138a0fbc3564d4aade9e27d06c73') in 0.008 seconds [static and dynamic dependencies]. Details - ImportResultOutputID=2713e5b7c42363e52ae2583dd42f3ba0 DependenciesID=9d3623cff088de7109ea7be2f6c3f537 StaticDependenciesID=9cd37f07a5c4e7a12fc9db32e9a87c9f 
Number of updated asset objects reloaded before import = 0
Number of asset objects unloaded after import = 2
========================================================================
Received Prepare
AcceleratorClientConnectionCallback - disconnected - :0
Refreshing native plugins compatible for Editor in 3.24 ms, found 4 plugins.
Unloading 24 Unused Serialized files (Serialized files now loaded: 0)
Unloading 25 unused Assets / (3.0 MB). Loaded Objects now: 7732.
Memory consumption went from 377.0 MB to 374.0 MB.
Total: 28.316800 ms (FindLiveObjects: 1.715200 ms CreateObjectMapping: 0.269000 ms MarkObjects: 24.551600 ms  DeleteObjects: 1.146400 ms)

Prepare: number of updated asset objects reloaded= 0
EnvironmentDependencyValues requested are different than current active one (requested -> active):
  graphicsApiMask: 2048 -> 264192
========================================================================
Received Import Request.
  Time of request: 2026-09-27T19:23:57.2580756Z
  Time since last request: 265.61414439999999 seconds.
  importAddress: GUID: ed4a7a6dd867ca64b8b2a6cc84c2a5fb - Path: Assets/Materials/Dynamic Box.mat - Importer: PreviewImporter
Importing 'GUID: ed4a7a6dd867ca64b8b2a6cc84c2a5fb - Path: Assets/Materials/Dynamic Box.mat - Importer: PreviewImporter' with importer (PreviewImporter)
Imported 'GUID: ed4a7a6dd867ca64b8b2a6cc84c2a5fb' -> (Import Result ID: '995e1c3bb2d6f8295ef15516369be6f3') in 0.025 seconds [static and dynamic dependencies]. Details - ImportResultOutputID=fa68c7c3067a22c4fd7ed2b48db7b5cb DependenciesID=e0999e784153c58d360ca38bd99784f8 StaticDependenciesID=b0fb6d653c8600f6adb202276b196f40 
Number of updated asset objects reloaded before import = 0
Number of asset objects unloaded after import = 2
========================================================================
Received Import Request.
  Time of request: 2026-09-27T19:24:00.8049145Z
  Time since last request: 3.5002024 seconds.
  importAddress: GUID: 32106107b0a2f3d4ea97152d8dafa83a - Path: Assets/Scenes/minigame.unity - Importer: ScriptedImporter/UnityEditor.QuickSearchModule:UnityEditor.Search:ASIAI0B
Importing 'GUID: 32106107b0a2f3d4ea97152d8dafa83a - Path: Assets/Scenes/minigame.unity - Importer: ScriptedImporter/UnityEditor.QuickSearchModule:UnityEditor.Search:ASIAI0B' with importer (ScriptedImporter : UnityEditor.QuickSearchModule:UnityEditor.Search:ASIAI0B)
Imported 'GUID: 32106107b0a2f3d4ea97152d8dafa83a' -> (Import Result ID: 'f5472831c3450927c6d68e865a0e0d46') in 0.007 seconds [static and dynamic dependencies]. Details - ImportResultOutputID=a9bc01f2545890ff5dff04b2266ef602 DependenciesID=444ff51be34b46330c35da1135770e7a StaticDependenciesID=bee18730820aa08b8e9ddd387e7bc9f7 
Number of updated asset objects reloaded before import = 0
Number of asset objects unloaded after import = 1
========================================================================
Received Prepare
AcceleratorClientConnectionCallback - disconnected - :0
Refreshing native plugins compatible for Editor in 3.05 ms, found 4 plugins.
Unloading 24 Unused Serialized files (Serialized files now loaded: 0)
Unloading 25 unused Assets / (3.1 MB). Loaded Objects now: 7732.
Memory consumption went from 377.0 MB to 374.0 MB.
Total: 13.343500 ms (FindLiveObjects: 0.845300 ms CreateObjectMapping: 0.209800 ms MarkObjects: 11.255000 ms  DeleteObjects: 0.516500 ms)

Prepare: number of updated asset objects reloaded= 0
EnvironmentDependencyValues requested are different than current active one (requested -> active):
  graphicsApiMask: 2048 -> 264192
========================================================================
Received Import Request.
  Time of request: 2026-09-27T19:24:34.8463741Z
  Time since last request: 34.0009752 seconds.
  importAddress: GUID: 32106107b0a2f3d4ea97152d8dafa83a - Path: Assets/Scenes/minigame.unity - Importer: ScriptedImporter/UnityEditor.QuickSearchModule:UnityEditor.Search:ASIAI0B
Importing 'GUID: 32106107b0a2f3d4ea97152d8dafa83a - Path: Assets/Scenes/minigame.unity - Importer: ScriptedImporter/UnityEditor.QuickSearchModule:UnityEditor.Search:ASIAI0B' with importer (ScriptedImporter : UnityEditor.QuickSearchModule:UnityEditor.Search:ASIAI0B)
Imported 'GUID: 32106107b0a2f3d4ea97152d8dafa83a' -> (Import Result ID: '9da867e2f79423820431c3eff08b01c1') in 0.007 seconds [static and dynamic dependencies]. Details - ImportResultOutputID=1c724edd81b9e646583f86097c5365fa DependenciesID=ffd1aac9603707cee881020815c2aa03 StaticDependenciesID=8edf48bc617f467fddfe267303312533 
Number of updated asset objects reloaded before import = 0
Number of asset objects unloaded after import = 1
========================================================================
Received Import Request.
  Time of request: 2026-09-27T19:26:39.5109967Z
  Time since last request: 124.6296973 seconds.
  importAddress: GUID: a403f8889b9ef6c4f921de41820fac7c - Path: Assets/Scripts/PlayerController.cs - Importer: PreviewImporter
Importing 'GUID: a403f8889b9ef6c4f921de41820fac7c - Path: Assets/Scripts/PlayerController.cs - Importer: PreviewImporter' with importer (PreviewImporter)
Imported 'GUID: a403f8889b9ef6c4f921de41820fac7c' -> (Import Result ID: 'bba6817a063965dfd50e450709d91f76') in 0.005 seconds [static and dynamic dependencies]. Details - ImportResultOutputID=1d417b05e6efe50fde064b08d850caff DependenciesID=cb47a4e69266c7378ca03417ff77ced4 StaticDependenciesID=cb33b53fc35aff6fa3dc16982cbeb850 
Number of updated asset objects reloaded before import = 0
Number of asset objects unloaded after import = 0
========================================================================
Received Prepare
AcceleratorClientConnectionCallback - disconnected - :0
[Licensing::Client] Successfully resolved entitlement details
Begin MonoManager ReloadAssembly
'Packages/com.unity.render-pipelines.core/Editor/Deprecated.cs' contains partial class of Unity.Object, exactly 1 of the partial classes needs to be in a file with the same filename. This is to know the one that can be referenced from ie. GameObjects
'Packages/com.unity.render-pipelines.core/Editor/Deprecated.cs' contains partial class of Unity.Object, exactly 1 of the partial classes needs to be in a file with the same filename. This is to know the one that can be referenced from ie. GameObjects
Refreshing native plugins compatible for Editor in 2.61 ms, found 4 plugins.
Native extension for WindowsStandalone target not found
Native extension for WebGL target not found
[Package Manager] Failed to launch server process. Reason: Unity was launched with the -noUpm command-line argument
[Package Manager] Unable to send message (not connected to server process).
[Package Manager] Cannot connect to Unity Package Manager local server
[Package Manager] Failed to launch server process. Reason: Unity was launched with the -noUpm command-line argument
[Package Manager] Unable to send message (not connected to server process).
[Package Manager] Cannot connect to Unity Package Manager local server
ScheduleIndexationOnStartup MainProcess:False IndexOnStartup:True
Scripting: successfully reloaded assembly
- Finished resetting the current domain, in  1.543 seconds
Domain Reload Profiling: 3873ms
	BeginReloadAssembly (698ms)
		DisableScriptedObjects (93ms)
		CreateAndSetChildDomain (171ms)
	RebuildCommonClasses (20ms)
	RebuildNativeTypeToScriptingClass (36ms)
	initialDomainReloadingComplete (159ms)
	LoadAllAssembliesAndSetupDomain (1415ms)
		LoadAssemblies (982ms)
		TypeCache.Refresh (22ms)
		AnalyzeDomain (397ms)
			BuildScriptInfoCaches (382ms)
			ResolveRequiredComponents (10ms)
	FinalizeReload (1546ms)
		SetupLoadedEditorAssemblies (0ms)
			LogAssemblyErrors (4ms)
			InitializePlatformSupportModulesInManaged (5ms)
			BeforeProcessingInitializeOnLoad (284ms)
			ProcessInitializeOnLoadAttributes (539ms)
			ProcessInitializeOnLoadMethodAttributes (116ms)
			AfterProcessingInitializeOnLoad (18ms)
			EditorAssembliesLoaded (3ms)
		AwakeInstancesAfterBackupRestoration (88ms)
Refreshing native plugins compatible for Editor in 2.71 ms, found 4 plugins.
Unloading 24 Unused Serialized files (Serialized files now loaded: 0)
Unloading 6578 unused Assets / (5.7 MB). Loaded Objects now: 7643.
Memory consumption went from 378.2 MB to 372.5 MB.
Total: 19.515200 ms (FindLiveObjects: 2.906300 ms CreateObjectMapping: 1.078700 ms MarkObjects: 13.066500 ms  DeleteObjects: 2.027400 ms)

Prepare: number of updated asset objects reloaded= 0
EnvironmentDependencyValues requested are different than current active one (requested -> active):
  graphicsApiMask: 2048 -> 264192
========================================================================
Received Import Request.
  Time of request: 2026-09-27T19:27:47.3861585Z
  Time since last request: 67.8431509 seconds.
  importAddress: GUID: 00000000000000003000000000000000 - Path: ProjectSettings/TagManager.asset - Importer: PreviewImporter
Importing 'GUID: 00000000000000003000000000000000 - Path: ProjectSettings/TagManager.asset - Importer: PreviewImporter' with importer (PreviewImporter)
Imported 'GUID: 00000000000000003000000000000000' -> (Import Result ID: 'e4745bfd3334ced1b59d432002c785a8') in 0.056 seconds [static and dynamic dependencies]. Details - ImportResultOutputID=a9de5dacb787dcd7900ea87c9e19fd79 DependenciesID=19e1de14f092add17acf829d6bf4b4b3 StaticDependenciesID=8867f39af40b91f5cd94c144593e592c 
Number of updated asset objects reloaded before import = 0
Number of asset objects unloaded after import = 0
========================================================================
Received Prepare
AcceleratorClientConnectionCallback - disconnected - :0
Refreshing native plugins compatible for Editor in 3.31 ms, found 4 plugins.
Unloading 24 Unused Serialized files (Serialized files now loaded: 0)
Unloading 26 unused Assets / (2.9 MB). Loaded Objects now: 7643.
Memory consumption went from 373.6 MB to 370.7 MB.
Total: 11.635600 ms (FindLiveObjects: 0.903400 ms CreateObjectMapping: 0.233100 ms MarkObjects: 9.265800 ms  DeleteObjects: 0.764800 ms)

Prepare: number of updated asset objects reloaded= 0
EnvironmentDependencyValues requested are different than current active one (requested -> active):
  graphicsApiMask: 2048 -> 264192
========================================================================
Received Import Request.
  Time of request: 2026-09-27T19:30:16.2158631Z
  Time since last request: 148.74533220000001 seconds.
  importAddress: GUID: a403f8889b9ef6c4f921de41820fac7c - Path: Assets/Scripts/PlayerController.cs - Importer: PreviewImporter
Importing 'GUID: a403f8889b9ef6c4f921de41820fac7c - Path: Assets/Scripts/PlayerController.cs - Importer: PreviewImporter' with importer (PreviewImporter)
Imported 'GUID: a403f8889b9ef6c4f921de41820fac7c' -> (Import Result ID: '2a42f616856b35072e10abfaac9a2d3a') in 0.002 seconds [static and dynamic dependencies]. Details - ImportResultOutputID=1d417b05e6efe50fde064b08d850caff DependenciesID=59d703e05e4bfece38c0315dad86aa30 StaticDependenciesID=b3a5282ce37f84617f7d4f83c441ef17 
Number of updated asset objects reloaded before import = 0
Number of asset objects unloaded after import = 0
========================================================================
Received Prepare
AcceleratorClientConnectionCallback - disconnected - :0
'Packages/com.unity.render-pipelines.core/Editor/Deprecated.cs' contains partial class of Unity.Object, exactly 1 of the partial classes needs to be in a file with the same filename. This is to know the one that can be referenced from ie. GameObjects
'Packages/com.unity.render-pipelines.core/Editor/Deprecated.cs' contains partial class of Unity.Object, exactly 1 of the partial classes needs to be in a file with the same filename. This is to know the one that can be referenced from ie. GameObjects
Refreshing native plugins compatible for Editor in 3.87 ms, found 4 plugins.
Unloading 24 Unused Serialized files (Serialized files now loaded: 0)
Unloading 6566 unused Assets / (7.0 MB). Loaded Objects now: 7643.
Memory consumption went from 381.3 MB to 374.2 MB.
Total: 16.947700 ms (FindLiveObjects: 1.061000 ms CreateObjectMapping: 0.523000 ms MarkObjects: 11.997800 ms  DeleteObjects: 2.906300 ms)

Prepare: number of updated asset objects reloaded= 0
EnvironmentDependencyValues requested are different than current active one (requested -> active):
  graphicsApiMask: 2048 -> 264192
========================================================================
Received Import Request.
  Time of request: 2026-09-27T19:31:30.1945993Z
  Time since last request: 73.95531800000001 seconds.
  importAddress: GUID: a403f8889b9ef6c4f921de41820fac7c - Path: Assets/Scripts/PlayerController.cs - Importer: PreviewImporter
Importing 'GUID: a403f8889b9ef6c4f921de41820fac7c - Path: Assets/Scripts/PlayerController.cs - Importer: PreviewImporter' with importer (PreviewImporter)
Imported 'GUID: a403f8889b9ef6c4f921de41820fac7c' -> (Import Result ID: '85dce0e720129953a51410a5c9bd668d') in 0.003 seconds [static and dynamic dependencies]. Details - ImportResultOutputID=1d417b05e6efe50fde064b08d850caff DependenciesID=aa8022769176ffa6e3f813fbe2fa5e60 StaticDependenciesID=a8a3bbc44a2b5f32bc3ccce780340880 
Number of updated asset objects reloaded before import = 0
Number of asset objects unloaded after import = 0
========================================================================
Received Prepare
AcceleratorClientConnectionCallback - disconnected - :0
[Licensing::Client] Successfully resolved entitlement details
Begin MonoManager ReloadAssembly
'Packages/com.unity.render-pipelines.core/Editor/Deprecated.cs' contains partial class of Unity.Object, exactly 1 of the partial classes needs to be in a file with the same filename. This is to know the one that can be referenced from ie. GameObjects
'Packages/com.unity.render-pipelines.core/Editor/Deprecated.cs' contains partial class of Unity.Object, exactly 1 of the partial classes needs to be in a file with the same filename. This is to know the one that can be referenced from ie. GameObjects
Refreshing native plugins compatible for Editor in 2.43 ms, found 4 plugins.
Native extension for WindowsStandalone target not found
Native extension for WebGL target not found
[Package Manager] Failed to launch server process. Reason: Unity was launched with the -noUpm command-line argument
[Package Manager] Unable to send message (not connected to server process).
[Package Manager] Cannot connect to Unity Package Manager local server
[Package Manager] Failed to launch server process. Reason: Unity was launched with the -noUpm command-line argument
[Package Manager] Unable to send message (not connected to server process).
[Package Manager] Cannot connect to Unity Package Manager local server
ScheduleIndexationOnStartup MainProcess:False IndexOnStartup:True
Scripting: successfully reloaded assembly
- Finished resetting the current domain, in  1.449 seconds
Domain Reload Profiling: 3354ms
	BeginReloadAssembly (542ms)
		DisableScriptedObjects (54ms)
		CreateAndSetChildDomain (98ms)
	RebuildCommonClasses (16ms)
	RebuildNativeTypeToScriptingClass (27ms)
	initialDomainReloadingComplete (140ms)
	LoadAllAssembliesAndSetupDomain (1178ms)
		LoadAssemblies (756ms)
		TypeCache.Refresh (16ms)
		AnalyzeDomain (327ms)
			BuildScriptInfoCaches (314ms)
			ResolveRequiredComponents (10ms)
	FinalizeReload (1451ms)
		SetupLoadedEditorAssemblies (0ms)
			LogAssemblyErrors (3ms)
			InitializePlatformSupportModulesInManaged (8ms)
			BeforeProcessingInitializeOnLoad (216ms)
			ProcessInitializeOnLoadAttributes (479ms)
			ProcessInitializeOnLoadMethodAttributes (124ms)
			AfterProcessingInitializeOnLoad (16ms)
			EditorAssembliesLoaded (3ms)
		AwakeInstancesAfterBackupRestoration (91ms)
Refreshing native plugins compatible for Editor in 4.05 ms, found 4 plugins.
Unloading 24 Unused Serialized files (Serialized files now loaded: 0)
Unloading 6578 unused Assets / (6.1 MB). Loaded Objects now: 7646.
Memory consumption went from 381.2 MB to 375.2 MB.
Total: 15.908000 ms (FindLiveObjects: 2.081800 ms CreateObjectMapping: 0.751400 ms MarkObjects: 10.035200 ms  DeleteObjects: 2.571800 ms)

Prepare: number of updated asset objects reloaded= 0
EnvironmentDependencyValues requested are different than current active one (requested -> active):
  graphicsApiMask: 2048 -> 264192
========================================================================
Received Prepare
AcceleratorClientConnectionCallback - disconnected - :0
[Licensing::Client] Successfully resolved entitlement details
Begin MonoManager ReloadAssembly
'Packages/com.unity.render-pipelines.core/Editor/Deprecated.cs' contains partial class of Unity.Object, exactly 1 of the partial classes needs to be in a file with the same filename. This is to know the one that can be referenced from ie. GameObjects
'Packages/com.unity.render-pipelines.core/Editor/Deprecated.cs' contains partial class of Unity.Object, exactly 1 of the partial classes needs to be in a file with the same filename. This is to know the one that can be referenced from ie. GameObjects
Refreshing native plugins compatible for Editor in 2.52 ms, found 4 plugins.
Native extension for WindowsStandalone target not found
Native extension for WebGL target not found
[Package Manager] Failed to launch server process. Reason: Unity was launched with the -noUpm command-line argument
[Package Manager] Unable to send message (not connected to server process).
[Package Manager] Cannot connect to Unity Package Manager local server
[Package Manager] Failed to launch server process. Reason: Unity was launched with the -noUpm command-line argument
[Package Manager] Unable to send message (not connected to server process).
[Package Manager] Cannot connect to Unity Package Manager local server
ScheduleIndexationOnStartup MainProcess:False IndexOnStartup:True
Scripting: successfully reloaded assembly
- Finished resetting the current domain, in  1.304 seconds
Domain Reload Profiling: 3174ms
	BeginReloadAssembly (556ms)
		DisableScriptedObjects (66ms)
		CreateAndSetChildDomain (100ms)
	RebuildCommonClasses (20ms)
	RebuildNativeTypeToScriptingClass (28ms)
	initialDomainReloadingComplete (131ms)
	LoadAllAssembliesAndSetupDomain (1133ms)
		LoadAssemblies (696ms)
		TypeCache.Refresh (18ms)
		AnalyzeDomain (346ms)
			BuildScriptInfoCaches (329ms)
			ResolveRequiredComponents (12ms)
	FinalizeReload (1306ms)
		SetupLoadedEditorAssemblies (0ms)
			LogAssemblyErrors (4ms)
			InitializePlatformSupportModulesInManaged (4ms)
			BeforeProcessingInitializeOnLoad (202ms)
			ProcessInitializeOnLoadAttributes (458ms)
			ProcessInitializeOnLoadMethodAttributes (103ms)
			AfterProcessingInitializeOnLoad (14ms)
		AwakeInstancesAfterBackupRestoration (68ms)
Refreshing native plugins compatible for Editor in 4.01 ms, found 4 plugins.
Unloading 24 Unused Serialized files (Serialized files now loaded: 0)
Unloading 6578 unused Assets / (6.2 MB). Loaded Objects now: 7649.
Memory consumption went from 384.3 MB to 378.2 MB.
Total: 12.886400 ms (FindLiveObjects: 0.979900 ms CreateObjectMapping: 0.602400 ms MarkObjects: 8.444700 ms  DeleteObjects: 2.400100 ms)

Prepare: number of updated asset objects reloaded= 0
EnvironmentDependencyValues requested are different than current active one (requested -> active):
  graphicsApiMask: 2048 -> 264192
========================================================================
Received Prepare
AcceleratorClientConnectionCallback - disconnected - :0
'Packages/com.unity.render-pipelines.core/Editor/Deprecated.cs' contains partial class of Unity.Object, exactly 1 of the partial classes needs to be in a file with the same filename. This is to know the one that can be referenced from ie. GameObjects
'Packages/com.unity.render-pipelines.core/Editor/Deprecated.cs' contains partial class of Unity.Object, exactly 1 of the partial classes needs to be in a file with the same filename. This is to know the one that can be referenced from ie. GameObjects
Refreshing native plugins compatible for Editor in 3.46 ms, found 4 plugins.
Unloading 24 Unused Serialized files (Serialized files now loaded: 0)
Unloading 6566 unused Assets / (4.8 MB). Loaded Objects now: 7649.
Memory consumption went from 387.4 MB to 382.7 MB.
Total: 16.197700 ms (FindLiveObjects: 1.391000 ms CreateObjectMapping: 0.574600 ms MarkObjects: 11.655800 ms  DeleteObjects: 2.158900 ms)

Prepare: number of updated asset objects reloaded= 0
EnvironmentDependencyValues requested are different than current active one (requested -> active):
  graphicsApiMask: 2048 -> 264192
========================================================================
Received Prepare
AcceleratorClientConnectionCallback - disconnected - :0
[Licensing::Client] Successfully resolved entitlement details
Begin MonoManager ReloadAssembly
'Packages/com.unity.render-pipelines.core/Editor/Deprecated.cs' contains partial class of Unity.Object, exactly 1 of the partial classes needs to be in a file with the same filename. This is to know the one that can be referenced from ie. GameObjects
'Packages/com.unity.render-pipelines.core/Editor/Deprecated.cs' contains partial class of Unity.Object, exactly 1 of the partial classes needs to be in a file with the same filename. This is to know the one that can be referenced from ie. GameObjects
Refreshing native plugins compatible for Editor in 2.35 ms, found 4 plugins.
Native extension for WindowsStandalone target not found
Native extension for WebGL target not found
[Package Manager] Failed to launch server process. Reason: Unity was launched with the -noUpm command-line argument
[Package Manager] Unable to send message (not connected to server process).
[Package Manager] Cannot connect to Unity Package Manager local server
[Package Manager] Failed to launch server process. Reason: Unity was launched with the -noUpm command-line argument
[Package Manager] Unable to send message (not connected to server process).
[Package Manager] Cannot connect to Unity Package Manager local server
ScheduleIndexationOnStartup MainProcess:False IndexOnStartup:True
Scripting: successfully reloaded assembly
- Finished resetting the current domain, in  1.532 seconds
Domain Reload Profiling: 3462ms
	BeginReloadAssembly (530ms)
		DisableScriptedObjects (59ms)
		CreateAndSetChildDomain (90ms)
	RebuildCommonClasses (18ms)
	RebuildNativeTypeToScriptingClass (26ms)
	initialDomainReloadingComplete (133ms)
	LoadAllAssembliesAndSetupDomain (1221ms)
		LoadAssemblies (750ms)
		TypeCache.Refresh (16ms)
		AnalyzeDomain (362ms)
			BuildScriptInfoCaches (350ms)
			ResolveRequiredComponents (8ms)
	FinalizeReload (1534ms)
		SetupLoadedEditorAssemblies (0ms)
			LogAssemblyErrors (8ms)
			InitializePlatformSupportModulesInManaged (4ms)
			BeforeProcessingInitializeOnLoad (199ms)
			ProcessInitializeOnLoadAttributes (642ms)
			ProcessInitializeOnLoadMethodAttributes (122ms)
			AfterProcessingInitializeOnLoad (11ms)
			EditorAssembliesLoaded (3ms)
		AwakeInstancesAfterBackupRestoration (88ms)
Refreshing native plugins compatible for Editor in 4.56 ms, found 4 plugins.
Unloading 24 Unused Serialized files (Serialized files now loaded: 0)
Unloading 6578 unused Assets / (4.9 MB). Loaded Objects now: 7652.
Memory consumption went from 391.9 MB to 387.0 MB.
Total: 26.178800 ms (FindLiveObjects: 3.063600 ms CreateObjectMapping: 2.440900 ms MarkObjects: 15.662300 ms  DeleteObjects: 4.375000 ms)

Prepare: number of updated asset objects reloaded= 0
EnvironmentDependencyValues requested are different than current active one (requested -> active):
  graphicsApiMask: 2048 -> 264192
========================================================================
Received Prepare
AcceleratorClientConnectionCallback - disconnected - :0
Begin MonoManager ReloadAssembly
'Packages/com.unity.render-pipelines.core/Editor/Deprecated.cs' contains partial class of Unity.Object, exactly 1 of the partial classes needs to be in a file with the same filename. This is to know the one that can be referenced from ie. GameObjects
'Packages/com.unity.render-pipelines.core/Editor/Deprecated.cs' contains partial class of Unity.Object, exactly 1 of the partial classes needs to be in a file with the same filename. This is to know the one that can be referenced from ie. GameObjects
Refreshing native plugins compatible for Editor in 3.37 ms, found 4 plugins.
Native extension for WindowsStandalone target not found
Native extension for WebGL target not found
[Package Manager] Failed to launch server process. Reason: Unity was launched with the -noUpm command-line argument
[Package Manager] Unable to send message (not connected to server process).
[Package Manager] Cannot connect to Unity Package Manager local server
[Package Manager] Failed to launch server process. Reason: Unity was launched with the -noUpm command-line argument
[Package Manager] Unable to send message (not connected to server process).
[Package Manager] Cannot connect to Unity Package Manager local server
ScheduleIndexationOnStartup MainProcess:False IndexOnStartup:True
Scripting: successfully reloaded assembly
- Finished resetting the current domain, in  1.486 seconds
Domain Reload Profiling: 3371ms
	BeginReloadAssembly (529ms)
		DisableScriptedObjects (65ms)
		CreateAndSetChildDomain (93ms)
	RebuildCommonClasses (17ms)
	RebuildNativeTypeToScriptingClass (28ms)
	initialDomainReloadingComplete (125ms)
	LoadAllAssembliesAndSetupDomain (1185ms)
		LoadAssemblies (704ms)
		TypeCache.Refresh (19ms)
		AnalyzeDomain (348ms)
			BuildScriptInfoCaches (336ms)
			ResolveRequiredComponents (9ms)
	FinalizeReload (1488ms)
		SetupLoadedEditorAssemblies (0ms)
			LogAssemblyErrors (5ms)
			InitializePlatformSupportModulesInManaged (4ms)
			BeforeProcessingInitializeOnLoad (287ms)
			ProcessInitializeOnLoadAttributes (517ms)
			ProcessInitializeOnLoadMethodAttributes (92ms)
			AfterProcessingInitializeOnLoad (16ms)
			EditorAssembliesLoaded (3ms)
		AwakeInstancesAfterBackupRestoration (65ms)
Refreshing native plugins compatible for Editor in 6.16 ms, found 4 plugins.
Unloading 24 Unused Serialized files (Serialized files now loaded: 0)
Unloading 6578 unused Assets / (6.0 MB). Loaded Objects now: 7655.
Memory consumption went from 397.9 MB to 391.9 MB.
Total: 17.086500 ms (FindLiveObjects: 1.614500 ms CreateObjectMapping: 1.057600 ms MarkObjects: 10.722900 ms  DeleteObjects: 3.111200 ms)

Prepare: number of updated asset objects reloaded= 0
EnvironmentDependencyValues requested are different than current active one (requested -> active):
  graphicsApiMask: 2048 -> 264192
========================================================================
Received Prepare
AcceleratorClientConnectionCallback - disconnected - :0
'Packages/com.unity.render-pipelines.core/Editor/Deprecated.cs' contains partial class of Unity.Object, exactly 1 of the partial classes needs to be in a file with the same filename. This is to know the one that can be referenced from ie. GameObjects
'Packages/com.unity.render-pipelines.core/Editor/Deprecated.cs' contains partial class of Unity.Object, exactly 1 of the partial classes needs to be in a file with the same filename. This is to know the one that can be referenced from ie. GameObjects
Refreshing native plugins compatible for Editor in 3.70 ms, found 4 plugins.
Unloading 24 Unused Serialized files (Serialized files now loaded: 0)
Unloading 6566 unused Assets / (4.0 MB). Loaded Objects now: 7655.
Memory consumption went from 401.0 MB to 397.0 MB.
Total: 23.017200 ms (FindLiveObjects: 1.891700 ms CreateObjectMapping: 0.808000 ms MarkObjects: 17.308600 ms  DeleteObjects: 2.377300 ms)

Prepare: number of updated asset objects reloaded= 0
EnvironmentDependencyValues requested are different than current active one (requested -> active):
  graphicsApiMask: 2048 -> 264192
========================================================================
Received Prepare
AcceleratorClientConnectionCallback - disconnected - :0
[Licensing::Client] Successfully resolved entitlement details
Begin MonoManager ReloadAssembly
'Packages/com.unity.render-pipelines.core/Editor/Deprecated.cs' contains partial class of Unity.Object, exactly 1 of the partial classes needs to be in a file with the same filename. This is to know the one that can be referenced from ie. GameObjects
'Packages/com.unity.render-pipelines.core/Editor/Deprecated.cs' contains partial class of Unity.Object, exactly 1 of the partial classes needs to be in a file with the same filename. This is to know the one that can be referenced from ie. GameObjects
Refreshing native plugins compatible for Editor in 2.40 ms, found 4 plugins.
Native extension for WindowsStandalone target not found
Native extension for WebGL target not found
[Package Manager] Failed to launch server process. Reason: Unity was launched with the -noUpm command-line argument
[Package Manager] Unable to send message (not connected to server process).
[Package Manager] Cannot connect to Unity Package Manager local server
[Package Manager] Failed to launch server process. Reason: Unity was launched with the -noUpm command-line argument
[Package Manager] Unable to send message (not connected to server process).
[Package Manager] Cannot connect to Unity Package Manager local server
ScheduleIndexationOnStartup MainProcess:False IndexOnStartup:True
Scripting: successfully reloaded assembly
- Finished resetting the current domain, in  1.488 seconds
Domain Reload Profiling: 3331ms
	BeginReloadAssembly (529ms)
		DisableScriptedObjects (60ms)
		CreateAndSetChildDomain (115ms)
	RebuildCommonClasses (16ms)
	RebuildNativeTypeToScriptingClass (28ms)
	initialDomainReloadingComplete (133ms)
	LoadAllAssembliesAndSetupDomain (1136ms)
		LoadAssemblies (671ms)
		TypeCache.Refresh (16ms)
		AnalyzeDomain (374ms)
			BuildScriptInfoCaches (359ms)
			ResolveRequiredComponents (11ms)
	FinalizeReload (1489ms)
		SetupLoadedEditorAssemblies (0ms)
			LogAssemblyErrors (5ms)
			InitializePlatformSupportModulesInManaged (4ms)
			BeforeProcessingInitializeOnLoad (227ms)
			ProcessInitializeOnLoadAttributes (561ms)
			ProcessInitializeOnLoadMethodAttributes (99ms)
			AfterProcessingInitializeOnLoad (18ms)
			EditorAssembliesLoaded (3ms)
		AwakeInstancesAfterBackupRestoration (77ms)
Refreshing native plugins compatible for Editor in 3.87 ms, found 4 plugins.
Unloading 24 Unused Serialized files (Serialized files now loaded: 0)
Unloading 6578 unused Assets / (6.8 MB). Loaded Objects now: 7658.
Memory consumption went from 406.9 MB to 400.0 MB.
Total: 16.335000 ms (FindLiveObjects: 1.579000 ms CreateObjectMapping: 0.759500 ms MarkObjects: 10.504800 ms  DeleteObjects: 2.949900 ms)

Prepare: number of updated asset objects reloaded= 0
EnvironmentDependencyValues requested are different than current active one (requested -> active):
  graphicsApiMask: 2048 -> 264192
========================================================================
Received Prepare
AcceleratorClientConnectionCallback - disconnected - :0
Refreshing native plugins compatible for Editor in 3.41 ms, found 4 plugins.
Unloading 24 Unused Serialized files (Serialized files now loaded: 0)
Unloading 25 unused Assets / (2.9 MB). Loaded Objects now: 7658.
Memory consumption went from 405.3 MB to 402.4 MB.
Total: 13.906400 ms (FindLiveObjects: 1.126000 ms CreateObjectMapping: 0.301100 ms MarkObjects: 11.084400 ms  DeleteObjects: 0.772300 ms)

Prepare: number of updated asset objects reloaded= 0
EnvironmentDependencyValues requested are different than current active one (requested -> active):
  graphicsApiMask: 2048 -> 264192
========================================================================
Received Prepare
AcceleratorClientConnectionCallback - disconnected - :0
Refreshing native plugins compatible for Editor in 4.17 ms, found 4 plugins.
Unloading 24 Unused Serialized files (Serialized files now loaded: 0)
Unloading 25 unused Assets / (3.1 MB). Loaded Objects now: 7658.
Memory consumption went from 408.3 MB to 405.3 MB.
Total: 11.318900 ms (FindLiveObjects: 1.026000 ms CreateObjectMapping: 0.233300 ms MarkObjects: 9.090500 ms  DeleteObjects: 0.491000 ms)

Prepare: number of updated asset objects reloaded= 0
EnvironmentDependencyValues requested are different than current active one (requested -> active):
  graphicsApiMask: 2048 -> 264192
========================================================================
Received Prepare
AcceleratorClientConnectionCallback - disconnected - :0
[Licensing::Client] Successfully resolved entitlement details
Begin MonoManager ReloadAssembly
'Packages/com.unity.render-pipelines.core/Editor/Deprecated.cs' contains partial class of Unity.Object, exactly 1 of the partial classes needs to be in a file with the same filename. This is to know the one that can be referenced from ie. GameObjects
'Packages/com.unity.render-pipelines.core/Editor/Deprecated.cs' contains partial class of Unity.Object, exactly 1 of the partial classes needs to be in a file with the same filename. This is to know the one that can be referenced from ie. GameObjects
Refreshing native plugins compatible for Editor in 3.23 ms, found 4 plugins.
Native extension for WindowsStandalone target not found
Native extension for WebGL target not found
[Package Manager] Failed to launch server process. Reason: Unity was launched with the -noUpm command-line argument
[Package Manager] Unable to send message (not connected to server process).
[Package Manager] Cannot connect to Unity Package Manager local server
[Package Manager] Failed to launch server process. Reason: Unity was launched with the -noUpm command-line argument
[Package Manager] Unable to send message (not connected to server process).
[Package Manager] Cannot connect to Unity Package Manager local server
ScheduleIndexationOnStartup MainProcess:False IndexOnStartup:True
Scripting: successfully reloaded assembly
- Finished resetting the current domain, in  2.329 seconds
Domain Reload Profiling: 5296ms
	BeginReloadAssembly (708ms)
		DisableScriptedObjects (78ms)
		CreateAndSetChildDomain (121ms)
	RebuildCommonClasses (31ms)
	RebuildNativeTypeToScriptingClass (44ms)
	initialDomainReloadingComplete (216ms)
	LoadAllAssembliesAndSetupDomain (1963ms)
		LoadAssemblies (1044ms)
		TypeCache.Refresh (43ms)
		AnalyzeDomain (621ms)
			BuildScriptInfoCaches (594ms)
			ResolveRequiredComponents (21ms)
	FinalizeReload (2332ms)
		SetupLoadedEditorAssemblies (0ms)
			LogAssemblyErrors (6ms)
			InitializePlatformSupportModulesInManaged (7ms)
			BeforeProcessingInitializeOnLoad (317ms)
			ProcessInitializeOnLoadAttributes (792ms)
			ProcessInitializeOnLoadMethodAttributes (178ms)
			AfterProcessingInitializeOnLoad (26ms)
			EditorAssembliesLoaded (4ms)
		AwakeInstancesAfterBackupRestoration (127ms)
Refreshing native plugins compatible for Editor in 4.62 ms, found 4 plugins.
Unloading 24 Unused Serialized files (Serialized files now loaded: 0)
Unloading 6578 unused Assets / (6.6 MB). Loaded Objects now: 7661.
Memory consumption went from 418.9 MB to 412.3 MB.
Total: 19.711200 ms (FindLiveObjects: 1.476000 ms CreateObjectMapping: 0.665000 ms MarkObjects: 13.587600 ms  DeleteObjects: 3.327800 ms)

Prepare: number of updated asset objects reloaded= 0
EnvironmentDependencyValues requested are different than current active one (requested -> active):
  graphicsApiMask: 2048 -> 264192
========================================================================
Received Prepare
AcceleratorClientConnectionCallback - disconnected - :0
Refreshing native plugins compatible for Editor in 3.61 ms, found 4 plugins.
Unloading 24 Unused Serialized files (Serialized files now loaded: 0)
Unloading 25 unused Assets / (3.0 MB). Loaded Objects now: 7661.
Memory consumption went from 417.3 MB to 414.3 MB.
Total: 13.078300 ms (FindLiveObjects: 0.915900 ms CreateObjectMapping: 0.273300 ms MarkObjects: 10.692200 ms  DeleteObjects: 0.756300 ms)

Prepare: number of updated asset objects reloaded= 0
EnvironmentDependencyValues requested are different than current active one (requested -> active):
  graphicsApiMask: 2048 -> 264192
========================================================================
Received Prepare
AcceleratorClientConnectionCallback - disconnected - :0
Refreshing native plugins compatible for Editor in 3.02 ms, found 4 plugins.
Unloading 24 Unused Serialized files (Serialized files now loaded: 0)
Unloading 25 unused Assets / (2.9 MB). Loaded Objects now: 7661.
Memory consumption went from 420.3 MB to 417.4 MB.
Total: 11.411400 ms (FindLiveObjects: 1.044600 ms CreateObjectMapping: 0.239500 ms MarkObjects: 8.852800 ms  DeleteObjects: 0.846600 ms)

Prepare: number of updated asset objects reloaded= 0
EnvironmentDependencyValues requested are different than current active one (requested -> active):
  graphicsApiMask: 2048 -> 264192
========================================================================
Received Prepare
AcceleratorClientConnectionCallback - disconnected - :0
Refreshing native plugins compatible for Editor in 7.09 ms, found 4 plugins.
Unloading 24 Unused Serialized files (Serialized files now loaded: 0)
Unloading 25 unused Assets / (3.0 MB). Loaded Objects now: 7661.
Memory consumption went from 423.4 MB to 420.5 MB.
Total: 117.327800 ms (FindLiveObjects: 4.081400 ms CreateObjectMapping: 1.602800 ms MarkObjects: 108.309600 ms  DeleteObjects: 1.953500 ms)

Prepare: number of updated asset objects reloaded= 0
EnvironmentDependencyValues requested are different than current active one (requested -> active):
  graphicsApiMask: 2048 -> 264192
Editor requested this worker to shutdown with reason: Editor is closing down
AcceleratorClientConnectionCallback - disconnected - :0
AssetImportWorker is now disconnected from the server
Process exiting
[ExitDontLaunchBugReporter] Exiting without the bug reporter. Application will exit with return code 0
